Approximate Location,Poverty,PM2.5,Asthma,Area Type
Los Angeles,62.6,12.25164028,76.1,Inner LA
Compton,43.5,12.25258001,86.77,Inner LA
Compton,56.8,12.21666021,114.33,Inner LA
Los Angeles,71.7,12.57687534,65.53,Inner LA
Los Angeles,51.5,12.0660607,64.77,Inner LA
South El Monte,61.1,12.00416809,65.92,Inner LA
Los Angeles,73.5,12.0902374,129.2,Inner LA
Los Angeles,68.6,12.09940492,68.48,Inner LA
Los Angeles,71.9,12.15802236,72.02,Inner LA
El Monte,43.5,11.94103408,60.57,Inner LA
Los Angeles,57.5,12.14495497,84.75,Inner LA
Los Angeles,58.9,12.41537427,51.49,Inner LA
Los Angeles,82.3,12.27407804,76.1,Inner LA
Los Angeles,44.5,12.25156535,134.16,Inner LA
South Gate,40.1,12.04869771,50.83,Inner LA
Los Angeles,63.4,11.2284956,77.81,Inner LA
Los Angeles,63.7,12.0998549,113.88,Inner LA
Florence-Graham,53.4,12.07139901,101.27,Inner LA
Los Angeles,44.3,12.06226955,70.46,Inner LA
Long Beach,57.6,12.4277485,84.23,Inner LA
Commerce,50.1,12.15074524,56.57,Inner LA
Compton,54.7,12.21728053,92.82,Inner LA
Bell Gardens,80.1,12.02968272,54.25,Inner LA
East Los Angeles,56.4,12.21812171,62.39,Inner LA
Los Angeles,86.9,12.0688233,136.47,Inner LA
Los Angeles,66.5,12.07407493,110.5,Inner LA
Los Angeles,66.8,12.55763366,79.94,Inner LA
Compton,54.8,12.15347903,95.67,Inner LA
Los Angeles,65.4,12.84192716,81.13,Inner LA
Los Angeles,52.7,12.05259566,113.88,Inner LA
Los Angeles,46.1,11.84882762,88.26,Inner LA
Bell Gardens,61.9,12.02968272,54.25,Inner LA
Willowbrook,61.4,12.09535727,120.42,Inner LA
West Rancho Dominguez,45.9,12.11292708,121.6,Inner LA
Bell,55.4,12.04351864,54.25,Inner LA
Bell Gardens,61.5,12.02588499,54.25,Inner LA
Los Angeles,48.6,12.29587676,77.98,Inner LA
Long Beach,56.9,12.50092519,94.42,Inner LA
Cudahy,47.1,12.06526369,43.15,Inner LA
Los Angeles,58.9,11.73680492,76.33,Inner LA
Los Angeles,61.2,12.14625901,113.45,Inner LA
Long Beach,37.7,12.78098946,88.49,Inner LA
Los Angeles,68.1,12.116733,113.88,Inner LA
Willowbrook,55.9,12.0701055,122.71,Inner LA
Los Angeles,56.0,11.70137136,103.61,Inner LA
Cudahy,57.9,12.03778507,46.98,Inner LA
Los Angeles,62.7,11.81424877,93.94,Inner LA
South El Monte,48.3,12.03688662,65.92,Inner LA
Los Angeles,60.8,12.25398221,76.1,Inner LA
Los Angeles,59.9,11.52566258,79.39,Inner LA
Commerce,45.6,12.14921007,50.87,Inner LA
Los Angeles,59.6,12.53587816,41.43,Inner LA
Long Beach,72.1,11.69108081,127.96,Inner LA
Long Beach,51.2,11.72604257,79.55,Inner LA
Los Angeles,68.1,12.13275518,113.88,Inner LA
Los Angeles,77.8,12.16800708,80.43,Inner LA
Los Angeles,50.1,11.94583615,99.57,Inner LA
Long Beach,38.8,12.07851936,94.42,Inner LA
Long Beach,66.2,12.07684795,68.25,Inner LA
Florence-Graham,67.6,12.136112,80.16,Inner LA
Los Angeles,60.3,12.15734144,69.35,Inner LA
Huntington Park,59.9,12.14111892,60.74,Inner LA
Los Angeles,69.8,12.06000567,86.23,Inner LA
Los Angeles,39.2,12.30827709,70.82,Inner LA
Glendale,53.8,11.87080549,65.09,Inner LA
Gardena,51.2,12.12237612,66.53,Inner LA
El Monte,62.6,11.96074742,65.92,Inner LA
Los Angeles,54.3,11.41126373,74.78,Inner LA
Los Angeles,58.9,12.45587973,65.4,Inner LA
Lynwood,48.9,12.04697253,67.6,Inner LA
Los Angeles,47.9,12.08174436,93.8,Inner LA
Baldwin Park,51.8,12.02600668,64.73,Inner LA
Los Angeles,64.1,12.116733,113.88,Inner LA
Los Angeles,61.9,12.0881206,125.21,Inner LA
Los Angeles,91.2,12.06544894,103.63,Inner LA
Long Beach,40.2,12.19282827,63.41,Inner LA
Los Angeles,40.1,11.43961966,69.64,Inner LA
Los Angeles,45.3,12.0964657,97.62,Inner LA
Los Angeles,64.2,12.47302993,51.48,Inner LA
Los Angeles,59.4,12.24094412,76.1,Inner LA
Lennox,64.5,12.04273571,60.33,Inner LA
East Los Angeles,60.1,12.18460314,60.62,Inner LA
Los Angeles,44.8,11.51838156,79.39,Inner LA
Los Angeles,75.2,12.06896138,103.63,Inner LA
Los Angeles,62.1,12.14625901,76.06,Inner LA
Florence-Graham,62.9,12.15052197,80.16,Inner LA
Unincorporated Los Angeles County area,50.5,12.06089249,57.93,Outer LA
Long Beach,62.6,11.70661336,104.11,Inner LA
South El Monte,52.1,12.03999382,65.92,Inner LA
Los Angeles,49.1,12.97004897,60.2,Inner LA
Florence-Graham,70.6,12.15052197,80.16,Inner LA
El Monte,52.4,11.99797143,65.48,Inner LA
Bell Gardens,62.6,12.0818703,54.25,Inner LA
Glendale,41.3,11.87080549,67.87,Inner LA
El Monte,51.0,11.93241395,51.4,Inner LA
Los Angeles,50.1,12.13197187,81.43,Inner LA
Los Angeles,63.6,12.11496733,113.88,Inner LA
South Gate,32.0,12.03418998,52.53,Inner LA
Los Angeles,65.8,12.10418364,78.89,Inner LA
Pomona,42.8,12.44092467,66.68,Inner LA
South Gate,44.1,12.062437,44.43,Inner LA
Los Angeles,63.0,12.70828375,77.42,Inner LA
Huntington Park,48.3,12.10088367,54.0,Inner LA
Compton,61.4,12.12536191,110.96,Inner LA
Glendale,44.4,11.787489,34.9,Inner LA
Compton,63.2,12.08913112,82.3,Inner LA
Los Angeles,62.8,12.41775036,60.33,Inner LA
West Athens,58.4,12.10553008,124.26,Inner LA
Los Angeles,53.8,12.30827709,55.5,Inner LA
Compton,64.1,12.08865447,81.13,Inner LA
Compton,33.2,12.11120264,118.7,Inner LA
Los Angeles,62.8,12.21219619,67.0,Inner LA
East Rancho Dominguez,54.9,12.12382492,95.62,Inner LA
Los Angeles,54.0,12.09974001,105.63,Inner LA
Long Beach,65.6,11.70661336,119.54,Inner LA
Florence-Graham,60.7,12.15277014,73.85,Inner LA
Los Angeles,44.3,11.99025794,109.5,Inner LA
Compton,55.9,12.10598268,95.67,Inner LA
Los Angeles,44.7,11.56904887,67.5,Inner LA
Los Angeles,61.0,12.15277014,69.72,Inner LA
Lynwood,59.2,12.03711727,67.87,Inner LA
Inglewood,50.6,11.92992332,92.39,Inner LA
Los Angeles,55.1,11.80687777,109.67,Inner LA
Los Angeles,55.2,12.25496306,76.1,Inner LA
East Los Angeles,47.9,12.15638623,66.37,Inner LA
Los Angeles,62.7,12.10765122,66.83,Inner LA
Los Angeles,65.2,12.10169951,119.22,Inner LA
Pomona,54.4,12.75120791,67.92,Inner LA
Los Angeles,58.9,11.77535951,76.33,Inner LA
Long Beach,64.5,11.70376562,128.01,Inner LA
Los Angeles,64.5,12.33647073,45.67,Inner LA
Compton,63.4,12.09830951,131.07,Inner LA
Paramount,58.0,12.14364358,52.77,Inner LA
Los Angeles,63.6,12.09940492,69.72,Inner LA
El Monte,51.4,11.99426857,48.95,Inner LA
Los Angeles,52.3,11.96234496,141.59,Inner LA
Los Angeles,65.0,11.84362669,74.24,Inner LA
Lennox,47.2,12.01108536,59.03,Inner LA
Maywood,42.8,12.07819852,51.32,Inner LA
East Los Angeles,33.1,12.20229619,56.55,Inner LA
El Monte,61.4,11.89284869,45.36,Inner LA
Los Angeles,55.7,11.85390933,75.59,Inner LA
Los Angeles,61.7,12.0941273,91.05,Inner LA
Los Angeles,56.1,11.98082094,65.4,Inner LA
Los Angeles,46.5,12.08262759,57.11,Inner LA
Florence-Graham,57.4,12.09489677,75.3,Inner LA
Florence-Graham,68.9,12.136112,72.22,Inner LA
South El Monte,46.4,12.00257511,65.92,Inner LA
Los Angeles,61.1,12.07407493,90.26,Inner LA
Cudahy,67.7,12.03133345,54.25,Inner LA
Los Angeles,53.2,13.26241232,56.77,Inner LA
Los Angeles,68.0,11.99843255,100.68,Inner LA
South Gate,28.5,12.03321154,40.75,Inner LA
Long Beach,50.5,12.25666707,94.42,Inner LA
Florence-Graham,52.6,12.07274542,72.41,Inner LA
Lynwood,66.5,12.08913112,63.03,Inner LA
Los Angeles,58.4,13.32985065,30.75,Inner LA
Los Angeles,27.6,12.11872262,75.78,Inner LA
Los Angeles,51.9,12.7350876,52.95,Inner LA
Lynwood,46.9,12.06300382,65.97,Inner LA
Bell Gardens,56.1,12.02588499,52.71,Inner LA
Los Angeles,43.9,11.28546472,81.71,Inner LA
Los Angeles,67.5,12.06896138,103.63,Inner LA
Los Angeles,66.1,11.23023082,66.35,Inner LA
Los Angeles,63.1,11.68435272,109.67,Inner LA
Los Angeles,63.8,11.99449266,50.48,Inner LA
El Monte,56.1,12.11875988,61.82,Inner LA
Florence-Graham,64.4,12.12263212,80.16,Inner LA
Long Beach,57.2,11.67703568,74.82,Inner LA
East Los Angeles,39.8,12.13544749,56.8,Inner LA
Bell,59.9,12.01972823,54.25,Inner LA
Los Angeles,78.5,12.11496733,113.88,Inner LA
Bell Gardens,58.8,12.00080859,47.15,Inner LA
South Gate,56.7,12.07030248,52.53,Inner LA
Baldwin Park,34.4,11.95834831,66.86,Inner LA
Los Angeles,62.2,12.22607702,81.7,Inner LA
El Monte,51.8,12.04991184,73.28,Inner LA
Long Beach,52.2,11.70913172,91.0,Inner LA
Paramount,60.5,12.05769894,61.83,Inner LA
Los Angeles,30.7,11.50132407,79.39,Inner LA
Los Angeles,46.7,11.73890922,76.33,Inner LA
Los Angeles,60.2,12.11292708,144.54,Inner LA
Pomona,51.4,12.63844027,74.6,Inner LA
Los Angeles,53.3,11.97007108,98.16,Inner LA
Los Angeles,70.4,12.17492801,81.54,Inner LA
West Whittier-Los Nietos,31.5,12.14573075,54.29,Inner LA
Avocado Heights,36.0,12.07676548,48.99,Inner LA
Los Angeles,45.1,12.23722675,45.61,Inner LA
Maywood,40.3,12.12538715,47.78,Inner LA
Compton,37.7,12.14085089,96.18,Inner LA
Los Angeles,61.8,12.13275518,113.88,Inner LA
Los Angeles,54.5,11.66349226,103.61,Inner LA
Los Angeles,71.7,12.21219619,69.72,Inner LA
Los Angeles,57.7,12.15802236,69.72,Inner LA
Willowbrook,65.8,12.10051881,66.54,Inner LA
Montebello,59.4,12.15638315,45.64,Inner LA
Los Angeles,66.6,12.70430833,59.14,Inner LA
Los Angeles,64.3,12.0125659,89.86,Inner LA
South Gate,51.7,12.06544894,52.53,Inner LA
Los Angeles,41.8,12.19449024,55.51,Inner LA
Los Angeles,65.9,11.4259185,74.78,Inner LA
Florence-Graham,58.9,12.08538401,94.66,Inner LA
Los Angeles,69.0,12.63753163,81.34,Inner LA
Florence-Graham,51.7,12.06217904,103.63,Inner LA
Los Angeles,41.2,11.85097115,78.02,Inner LA
El Monte,64.1,12.03649159,68.46,Inner LA
Los Angeles,64.3,12.0688233,85.34,Inner LA
Los Angeles,61.6,11.8087939,73.77,Inner LA
Florence-Graham,54.5,12.12263212,80.16,Inner LA
El Monte,54.6,11.89284869,64.3,Inner LA
Commerce,32.6,12.22974497,52.04,Inner LA
Los Angeles,57.9,12.09235616,108.79,Inner LA
Long Beach,42.5,11.99002053,78.42,Inner LA
Compton,56.7,12.10598268,95.67,Inner LA
East Los Angeles,48.4,12.15909476,56.8,Inner LA
Los Angeles,40.1,11.91465003,99.57,Inner LA
East Los Angeles,40.8,12.27012997,72.44,Inner LA
Los Angeles,62.8,11.97286678,74.12,Inner LA
Los Angeles,80.8,12.08083341,41.22,Inner LA
Glendale,57.1,11.80374462,43.54,Inner LA
South Gate,52.2,12.06544894,52.53,Inner LA
Bell Gardens,59.1,12.00080859,46.84,Inner LA
Los Angeles,61.9,12.87564539,30.75,Inner LA
Los Angeles,67.6,12.08083341,53.6,Inner LA
Montebello,56.4,12.19858018,57.34,Inner LA
Los Angeles,50.6,11.6846695,109.67,Inner LA
East Los Angeles,53.7,12.05688492,72.44,Inner LA
Los Angeles,69.7,12.09845951,69.72,Inner LA
Long Beach,41.5,12.38808685,85.11,Inner LA
Paramount,56.1,12.0879027,61.83,Inner LA
Huntington Park,44.3,12.03943263,60.66,Inner LA
Industry,35.4,12.04124577,48.99,Inner LA
East Los Angeles,54.7,12.12011834,45.48,Inner LA
Lynwood,36.8,12.08997374,67.87,Inner LA
Compton,46.6,12.12536191,102.85,Inner LA
Los Angeles,67.7,12.0941273,99.07,Inner LA
Los Angeles,71.6,12.00225165,69.72,Inner LA
Azusa,37.7,11.46729707,71.92,Inner LA
Long Beach,85.4,11.69431502,79.55,Inner LA
Los Angeles,66.1,12.00225165,69.59,Inner LA
Paramount,49.9,12.09151255,55.62,Inner LA
Los Angeles,55.7,12.0084908,100.68,Inner LA
Bell,57.5,12.05553415,54.25,Inner LA
Los Angeles,73.4,12.09940492,69.72,Inner LA
Los Angeles,66.3,12.10418364,74.29,Inner LA
West Rancho Dominguez,57.8,12.11029674,79.8,Inner LA
Los Angeles,57.1,12.87564539,30.75,Inner LA
Los Angeles,66.3,12.0527736,69.72,Inner LA
Los Angeles,70.5,11.86110213,87.77,Inner LA
Los Angeles,73.7,12.09845951,69.72,Inner LA
Los Angeles,27.6,11.67857435,93.94,Inner LA
Los Angeles,93.2,12.39952871,83.69,Inner LA
Los Angeles,45.6,11.52481034,48.94,Inner LA
Los Angeles,42.2,12.05932002,65.65,Inner LA
Pomona,64.4,12.88889973,81.58,Inner LA
Long Beach,63.3,11.70376562,128.01,Inner LA
Pomona,46.1,12.69293611,87.89,Inner LA
Los Angeles,34.8,11.94222572,65.4,Inner LA
Hacienda Heights,40.3,12.13820885,46.16,Inner LA
Los Angeles,37.4,11.50541661,68.8,Inner LA
Cudahy,64.0,12.03639575,54.25,Inner LA
Los Angeles,71.8,12.35408718,79.97,Inner LA
Los Angeles,44.3,11.40523782,70.54,Inner LA
Los Angeles,58.0,12.09514285,86.16,Inner LA
Long Beach,53.0,11.78613452,79.55,Inner LA
Compton,40.2,12.18773918,122.52,Inner LA
Los Angeles,63.8,11.90037867,58.73,Inner LA
Los Angeles,22.4,11.410504,81.71,Inner LA
Los Angeles,50.6,11.55022293,62.98,Inner LA
Compton,23.1,12.13075961,120.27,Inner LA
Inglewood,27.7,12.11407435,87.64,Inner LA
Willowbrook,57.5,12.09745122,131.07,Inner LA
Pomona,54.0,12.71142454,74.43,Inner LA
South Gate,39.6,12.04753502,52.53,Inner LA
Los Angeles,72.4,12.0527736,69.72,Inner LA
Los Angeles,48.6,11.3752253,81.71,Inner LA
Los Angeles,35.5,11.44347884,81.71,Inner LA
El Monte,59.0,12.00258505,65.92,Inner LA
Los Angeles,70.2,11.72966207,76.33,Inner LA
Paramount,44.7,12.04480755,50.24,Inner LA
Los Angeles,56.2,12.08962673,95.33,Inner LA
Los Angeles,44.9,11.50595509,65.3,Inner LA
Los Angeles,77.4,11.30315023,81.71,Inner LA
South Whittier,41.3,11.92700646,58.17,Inner LA
Los Angeles,44.6,11.5297162,61.75,Inner LA
Gardena,35.5,12.00605839,67.34,Inner LA
West Rancho Dominguez,36.7,12.12642045,104.72,Inner LA
Los Angeles,43.5,11.46459884,81.71,Inner LA
Los Angeles,55.5,11.52811451,72.71,Inner LA
Los Angeles,64.3,12.01439591,70.0,Inner LA
West Whittier-Los Nietos,30.1,12.12818912,60.7,Inner LA
Pomona,51.5,12.91137126,72.7,Inner LA
Los Angeles,68.4,12.06000567,41.02,Inner LA
Los Angeles,49.3,12.09880174,97.9,Inner LA
Los Angeles,65.3,12.13275518,113.88,Inner LA
Los Angeles,46.4,11.32010666,81.71,Inner LA
Los Angeles,56.0,11.6676115,95.43,Inner LA
Long Beach,46.2,12.31736907,89.38,Inner LA
Los Angeles,59.1,11.51704283,52.8,Inner LA
Long Beach,44.3,11.70913172,90.98,Inner LA
East Los Angeles,57.1,12.28025039,56.8,Inner LA
Montebello,49.7,12.01818441,46.51,Inner LA
Los Angeles,57.7,12.33647073,55.72,Inner LA
Los Angeles,44.7,12.14261917,70.95,Inner LA
Los Angeles,65.2,11.97617641,52.96,Inner LA
Hawthorne,44.7,11.9852196,52.66,Inner LA
Los Angeles,41.3,11.94659663,112.71,Inner LA
Lennox,63.4,12.04273571,58.43,Inner LA
Los Angeles,56.1,12.63753163,81.34,Inner LA
Los Angeles,34.7,12.78250401,77.98,Inner LA
Hawthorne,27.7,12.10489415,74.62,Inner LA
Los Angeles,65.9,11.81424877,93.94,Inner LA
East Los Angeles,49.3,12.11496468,71.15,Inner LA
Glendale,35.6,11.81877691,39.08,Inner LA
Los Angeles,34.3,11.52590949,59.57,Inner LA
Los Angeles,47.3,11.49943551,67.69,Inner LA
Los Angeles,59.8,11.97007108,125.58,Inner LA
Huntington Park,50.1,12.14111892,60.74,Inner LA
Los Angeles,47.8,11.9612643,87.1,Inner LA
Los Angeles,53.8,12.06807983,69.72,Inner LA
Los Angeles,50.2,12.07586683,100.67,Inner LA
Los Angeles,65.7,12.12072526,83.78,Inner LA
Maywood,63.8,12.10196267,45.55,Inner LA
Florence-Graham,39.7,12.11083805,67.65,Inner LA
Los Angeles,66.4,12.70430833,59.14,Inner LA
Los Angeles,32.3,11.16595012,81.71,Inner LA
Los Angeles,39.8,14.03112587,83.59,Inner LA
South El Monte,55.5,12.04321516,65.92,Inner LA
South Gate,32.8,12.01769349,41.9,Inner LA
East Los Angeles,55.0,12.15909476,56.8,Inner LA
Los Angeles,43.8,11.94583615,99.57,Inner LA
Los Angeles,42.3,11.95828056,87.75,Inner LA
Pomona,69.0,12.53893681,78.05,Inner LA
Los Angeles,65.8,12.2587974,69.89,Inner LA
Inglewood,43.4,11.88139021,93.18,Inner LA
Gardena,39.0,12.09860815,87.73,Inner LA
Huntington Park,65.1,12.07802241,60.74,Inner LA
Los Angeles,55.9,12.05760637,79.65,Inner LA
Pomona,56.4,12.61296425,62.94,Inner LA
Carson,22.5,12.06694765,65.92,Inner LA
Los Angeles,60.9,12.10279177,56.78,Inner LA
Los Angeles,84.7,11.97864156,100.68,Inner LA
Maywood,43.7,12.11512207,48.68,Inner LA
El Monte,58.9,12.09259994,73.28,Inner LA
Los Angeles,57.1,12.0257337,69.72,Inner LA
Los Angeles,68.9,12.12072526,83.72,Inner LA
Los Angeles,41.1,11.20136625,63.82,Inner LA
Long Beach,45.9,11.68049659,79.55,Inner LA
Long Beach,34.7,11.95400971,90.76,Inner LA
Los Angeles,77.9,11.6143557,93.94,Inner LA
Los Angeles,62.3,12.41369527,57.54,Inner LA
Long Beach,62.0,11.70661336,112.45,Inner LA
Los Angeles,43.8,11.47988762,58.3,Inner LA
East Los Angeles,47.3,11.94428097,41.16,Inner LA
Los Angeles,43.8,11.03732681,63.98,Inner LA
Willowbrook,48.8,12.09745122,121.95,Inner LA
Lennox,58.2,11.96153339,52.43,Inner LA
Los Angeles,73.3,11.77397672,86.23,Inner LA
Carson,30.1,12.13159077,79.55,Inner LA
Los Angeles,45.0,11.5211534,72.66,Inner LA
Los Angeles,37.8,12.45587973,65.4,Inner LA
Santa Fe Springs,50.9,11.92528582,45.04,Inner LA
Los Angeles,59.3,12.21911535,55.72,Inner LA
Hawthorne,62.2,11.98467943,64.23,Inner LA
Los Angeles,83.9,12.35408718,51.01,Inner LA
Pico Rivera,37.7,11.97618142,57.49,Inner LA
Los Angeles,46.6,12.22285779,65.4,Inner LA
South Gate,63.4,12.07030248,50.79,Inner LA
Carson,43.7,11.96592116,62.08,Inner LA
La Puente,36.1,12.1482157,73.09,Inner LA
Unincorporated Los Angeles County area,23.8,12.33969717,76.74,Outer LA
East Los Angeles,56.1,12.05688492,49.86,Inner LA
Glendale,24.5,11.81591191,31.08,Inner LA
Carson,27.9,12.09359584,89.55,Inner LA
Los Angeles,50.2,11.80898265,58.09,Inner LA
Los Angeles,39.2,12.52185449,83.09,Inner LA
Los Angeles,55.6,12.00024046,89.86,Inner LA
Los Angeles,76.2,11.92854691,147.61,Inner LA
Norwalk,35.5,11.96438049,54.67,Inner LA
Baldwin Park,34.7,11.98060897,66.81,Inner LA
Lynwood,42.5,12.06700264,50.14,Inner LA
Los Angeles,58.7,11.89042569,60.42,Inner LA
Maywood,54.4,12.0576015,53.23,Inner LA
Los Angeles,46.7,11.63653858,85.01,Inner LA
Bell,44.0,12.02269432,54.25,Inner LA
Los Angeles,54.6,12.63753163,81.34,Inner LA
Los Angeles,66.8,12.35408718,79.97,Inner LA
Huntington Park,58.2,12.10088367,60.74,Inner LA
Los Angeles,54.9,12.08962673,81.21,Inner LA
Los Angeles,54.0,11.97864156,92.24,Inner LA
South Gate,52.9,12.07341395,44.0,Inner LA
Los Angeles,59.8,12.11505815,85.22,Inner LA
Compton,45.2,12.1101526,131.07,Inner LA
El Monte,53.6,12.00572463,47.03,Inner LA
Bell,60.4,12.05058662,48.65,Inner LA
Los Angeles,25.4,11.48523973,81.71,Inner LA
Los Angeles,46.9,11.98834506,78.24,Inner LA
Los Angeles,66.8,12.16525921,44.36,Inner LA
Westmont,66.9,12.08622848,125.58,Inner LA
Huntington Park,69.8,12.10088367,60.74,Inner LA
Compton,44.7,12.09532702,95.67,Inner LA
Los Angeles,57.2,12.10765122,69.72,Inner LA
West Whittier-Los Nietos,47.5,12.08570107,50.6,Inner LA
Los Angeles,69.4,11.97286678,92.68,Inner LA
Los Angeles,64.0,11.99843255,53.06,Inner LA
Los Angeles,67.0,11.86110213,93.94,Inner LA
Westmont,60.1,12.09365159,125.58,Inner LA
Los Angeles,74.6,12.10765122,69.72,Inner LA
Los Angeles,66.5,11.92854691,126.52,Inner LA
Los Angeles,57.5,11.32227028,86.35,Inner LA
Los Angeles,66.3,12.18410918,47.09,Inner LA
Los Angeles,58.6,11.67964041,93.94,Inner LA
Los Angeles,73.1,12.23163332,45.26,Inner LA
Los Angeles,47.5,11.40197774,81.71,Inner LA
Santa Fe Springs,18.6,12.06509568,55.19,Inner LA
Los Angeles,32.5,11.45562342,60.88,Inner LA
Los Angeles,66.0,12.05265861,69.72,Inner LA
Carson,34.1,12.07388982,64.79,Inner LA
Los Angeles,62.6,11.5211534,59.39,Inner LA
Huntington Park,54.8,12.10196267,38.7,Inner LA
Los Angeles,66.4,12.20870236,74.85,Inner LA
Industry,45.2,12.12906702,44.59,Inner LA
Huntington Park,53.6,12.05553415,45.6,Inner LA
Hawthorne,40.9,11.92187198,68.78,Inner LA
Unincorporated Los Angeles County area,27.7,11.99699602,65.92,Outer LA
Los Angeles,48.8,11.94419228,99.57,Inner LA
Compton,59.6,12.13622653,122.52,Inner LA
Los Angeles,58.2,11.77397672,82.29,Inner LA
Compton,56.8,12.13955642,95.67,Inner LA
Los Angeles,40.1,12.21911535,55.72,Inner LA
Bell Gardens,54.5,12.13853554,49.52,Inner LA
Carson,27.6,12.04103289,67.35,Inner LA
El Monte,47.4,12.00896355,73.28,Inner LA
La Puente,42.8,12.09913498,73.09,Inner LA
Inglewood,36.3,12.06540746,93.62,Inner LA
Los Angeles,79.3,12.23163332,51.7,Inner LA
Baldwin Park,48.0,11.87892599,66.86,Inner LA
Hacienda Heights,23.4,12.13187697,46.16,Inner LA
Los Angeles,45.2,12.43581973,77.98,Inner LA
Burbank,36.3,11.52107062,40.62,Inner LA
Baldwin Park,49.2,11.99923941,66.86,Inner LA
Walnut Park,50.2,12.06379023,47.79,Inner LA
Los Angeles,61.5,11.70137136,103.61,Inner LA
West Rancho Dominguez,32.5,12.09778921,48.02,Inner LA
Long Beach,64.4,11.66444496,71.3,Inner LA
Los Angeles,33.7,12.07289573,104.81,Inner LA
Los Angeles,49.9,12.31141865,51.17,Inner LA
El Monte,38.7,11.87831142,46.3,Inner LA
Huntington Park,65.7,12.14111892,60.74,Inner LA
Los Angeles,53.3,12.00979423,45.77,Inner LA
Burbank,47.0,11.77741792,28.26,Inner LA
Norwalk,25.1,12.11184692,46.47,Inner LA
Los Angeles,49.7,11.90677464,53.48,Inner LA
Carson,29.4,11.9802672,67.35,Inner LA
Los Angeles,67.6,12.10099038,43.91,Inner LA
Long Beach,54.2,11.70472748,116.42,Inner LA
Los Angeles,50.2,12.20870236,74.85,Inner LA
Los Angeles,50.5,11.97864156,91.04,Inner LA
Los Angeles,71.4,11.73113429,63.43,Inner LA
Los Angeles,50.3,12.09974001,88.19,Inner LA
Los Angeles,45.0,12.80327609,28.64,Inner LA
Pomona,49.9,12.31792977,77.93,Inner LA
Los Angeles,59.6,11.5297162,59.96,Inner LA
Los Angeles,45.0,11.77593619,109.67,Inner LA
Los Angeles,62.9,12.06807983,69.72,Inner LA
Inglewood,39.4,11.98293327,96.46,Inner LA
Lynwood,39.2,12.03711727,67.87,Inner LA
Pico Rivera,25.2,12.16873093,60.9,Inner LA
Los Angeles,50.7,12.55151073,72.5,Inner LA
Los Angeles,56.6,12.09491005,128.21,Inner LA
Los Angeles,16.3,12.05569133,54.47,Inner LA
Los Angeles,42.0,11.76743391,75.21,Inner LA
Los Angeles,37.7,12.08423947,52.24,Inner LA
Los Angeles,29.1,11.51882074,68.88,Inner LA
Glendale,60.5,11.83524467,55.33,Inner LA
Los Angeles,54.4,11.5987061,86.35,Inner LA
West Athens,13.9,12.13594907,109.77,Inner LA
Los Angeles,52.3,11.69875187,76.33,Inner LA
Los Angeles,22.1,11.50132407,69.14,Inner LA
Pomona,51.6,12.57603309,74.95,Inner LA
Los Angeles,63.7,11.96948377,100.68,Inner LA
Los Angeles,60.2,12.10983792,84.14,Inner LA
South San Jose Hills,39.2,12.19743435,61.89,Inner LA
Los Angeles,64.7,11.72966207,76.33,Inner LA
Pico Rivera,19.4,12.15287635,60.9,Inner LA
Los Angeles,55.7,11.87130723,56.51,Inner LA
East Los Angeles,54.6,12.11496468,72.44,Inner LA
Los Angeles,36.6,11.58425896,83.32,Inner LA
Los Angeles,67.1,12.15734144,69.72,Inner LA
Lynwood,37.2,12.06201946,55.77,Inner LA
Los Angeles,57.0,11.77593619,109.67,Inner LA
South Gate,50.1,12.05058449,52.53,Inner LA
Los Angeles,53.1,11.86110213,66.53,Inner LA
Los Angeles,33.4,11.49189975,74.78,Inner LA
Inglewood,55.7,11.91340435,93.09,Inner LA
Maywood,60.9,12.11512207,52.72,Inner LA
Los Angeles,36.8,12.0039133,61.72,Inner LA
Baldwin Park,38.3,11.90589977,57.56,Inner LA
Montebello,39.7,11.99952316,48.94,Inner LA
Los Angeles,72.6,12.0084908,50.62,Inner LA
Los Angeles,39.7,14.58823142,70.9,Inner LA
Los Angeles,75.2,12.20870236,74.85,Inner LA
Long Beach,59.0,11.75572268,80.67,Inner LA
Los Angeles,64.1,12.10279177,53.46,Inner LA
Los Angeles,49.1,11.61456405,66.18,Inner LA
Compton,40.0,12.08889755,83.19,Inner LA
Paramount,36.6,12.01081735,46.77,Inner LA
Hawaiian Gardens,48.9,11.67866576,53.8,Inner LA
El Monte,53.0,12.07216065,73.28,Inner LA
Gardena,36.8,11.9644351,68.64,Inner LA
Los Angeles,51.1,12.19527041,63.37,Inner LA
Los Angeles,69.8,12.23163332,60.46,Inner LA
Montebello,51.8,12.21276924,45.38,Inner LA
Hawthorne,18.9,12.11204085,77.83,Inner LA
Compton,50.1,12.13477891,122.52,Inner LA
Gardena,33.1,12.0858239,80.0,Inner LA
Los Angeles,42.2,12.19449024,40.48,Inner LA
Los Angeles,74.3,12.17561826,59.91,Inner LA
El Monte,35.7,12.02522411,64.61,Inner LA
Los Angeles,36.2,12.08174436,50.06,Inner LA
East Los Angeles,44.4,12.20456374,67.47,Inner LA
Los Angeles,37.4,12.52185449,69.4,Inner LA
Los Angeles,49.7,11.67746028,82.56,Inner LA
Los Angeles,59.3,11.64699806,90.8,Inner LA
Los Angeles,78.1,11.95061359,86.23,Inner LA
Pomona,28.9,12.35454552,56.6,Inner LA
Glendale,49.5,11.83524467,55.99,Inner LA
Cudahy,48.2,12.03133345,47.59,Inner LA
Los Angeles,30.4,11.90297183,71.66,Inner LA
Los Angeles,74.7,12.23163332,53.55,Inner LA
Bellflower,37.3,11.87162997,56.53,Inner LA
Los Angeles,52.6,11.72750466,65.44,Inner LA
El Monte,39.4,12.00896355,73.28,Inner LA
Los Angeles,50.4,11.91626655,118.41,Inner LA
Los Angeles,34.2,12.62517064,30.75,Inner LA
Rosemead,54.7,11.90115668,40.18,Inner LA
Los Angeles,63.1,12.2587974,71.04,Inner LA
Los Angeles,36.9,13.28066467,80.89,Inner LA
Long Beach,54.0,11.70661336,81.93,Inner LA
Los Angeles,47.6,12.01439591,50.11,Inner LA
East Los Angeles,52.4,12.1028031,56.8,Inner LA
Los Angeles,71.6,11.95061359,86.23,Inner LA
Los Angeles,55.1,11.97005427,95.52,Inner LA
Maywood,59.1,12.12538715,44.91,Inner LA
Los Angeles,62.3,12.00979423,58.73,Inner LA
East Los Angeles,47.1,12.24148594,72.44,Inner LA
Montebello,44.0,12.09672029,57.34,Inner LA
San Fernando,53.5,11.14992776,79.95,Inner LA
Los Angeles,76.1,12.18410918,54.24,Inner LA
Los Angeles,47.0,11.95669453,125.58,Inner LA
Pico Rivera,29.2,12.00103744,59.35,Inner LA
Pomona,58.6,12.49065577,78.05,Inner LA
West Rancho Dominguez,24.6,12.10252953,93.76,Inner LA
Los Angeles,52.4,11.52811451,72.71,Inner LA
Downey,41.1,12.17927262,33.3,Inner LA
Los Angeles,36.5,12.20778772,77.98,Inner LA
East Los Angeles,57.5,12.17215849,64.51,Inner LA
Whittier,29.1,11.97360073,49.0,Inner LA
Los Angeles,55.4,12.20870236,47.69,Inner LA
Lynwood,61.4,12.07668896,60.14,Inner LA
Baldwin Park,39.9,11.95086878,66.86,Inner LA
El Monte,66.1,12.00572463,46.06,Inner LA
Bell,47.7,12.02269432,54.25,Inner LA
Unincorporated Los Angeles County area,52.4,6.708034531,146.66,Outer LA
Los Angeles,47.8,12.11505815,80.63,Inner LA
Lynwood,27.8,12.03460272,62.82,Inner LA
Westmont,56.9,12.08622848,125.58,Inner LA
Los Angeles,41.3,12.01125306,136.1,Inner LA
Burbank,24.7,11.52179538,39.68,Inner LA
Glendale,42.8,11.80374462,51.82,Inner LA
Los Angeles,20.0,13.41191039,72.0,Inner LA
Glendale,42.8,11.83417117,36.16,Inner LA
Monterey Park,49.7,12.21984068,36.26,Inner LA
Long Beach,54.8,11.64728179,75.83,Inner LA
Long Beach,28.7,11.66595061,79.55,Inner LA
Hawthorne,40.8,12.05869981,77.65,Inner LA
West Carson,32.7,12.06111984,58.78,Inner LA
Long Beach,33.1,11.66595061,79.55,Inner LA
West Puente Valley,34.2,12.0150862,42.57,Inner LA
Los Angeles,51.3,12.10569353,44.97,Inner LA
Los Angeles,58.4,11.99266542,81.31,Inner LA
Long Beach,42.0,12.47113428,94.42,Inner LA
Bellflower,44.1,11.889552,60.83,Inner LA
Lancaster,67.5,6.736203058,154.39,Outer LA
Montebello,46.9,12.07970385,56.92,Inner LA
Los Angeles,71.4,12.03324822,80.94,Inner LA
Los Angeles,51.8,11.5211534,54.18,Inner LA
Huntington Park,45.2,12.0654342,49.56,Inner LA
Long Beach,35.2,11.6858254,76.7,Inner LA
Pomona,48.5,12.54493086,74.95,Inner LA
Compton,38.6,12.11109845,115.45,Inner LA
Glendale,51.9,11.78597488,59.54,Inner LA
Los Angeles,53.7,11.99265418,43.46,Inner LA
Los Angeles,43.8,11.59401635,49.57,Inner LA
Pomona,68.3,12.55391098,74.1,Inner LA
East Los Angeles,49.2,12.17215849,39.92,Inner LA
Los Angeles,46.1,11.95360692,128.19,Inner LA
Lancaster,60.9,7.620826731,137.04,Outer LA
Walnut Park,49.0,12.06379023,53.05,Inner LA
Los Angeles,60.7,11.37171568,81.71,Inner LA
Los Angeles,41.2,11.93412511,131.73,Inner LA
Los Angeles,49.9,12.35408718,79.97,Inner LA
Los Angeles,38.1,11.44575547,81.71,Inner LA
Los Angeles,59.6,12.32883267,77.98,Inner LA
Los Angeles,48.1,12.02272051,37.01,Inner LA
Los Angeles,41.6,11.67101336,103.61,Inner LA
Los Angeles,64.1,12.18410918,48.18,Inner LA
Los Angeles,63.8,11.91185817,86.99,Inner LA
Unincorporated Los Angeles County area,60.3,6.85885423,96.61,Outer LA
South Gate,45.5,12.06007558,52.53,Inner LA
Baldwin Park,32.4,11.8354872,66.86,Inner LA
Gardena,41.9,12.07532049,76.29,Inner LA
Los Angeles,55.1,11.40197774,81.71,Inner LA
Los Angeles,65.3,11.97286678,125.58,Inner LA
Compton,43.2,12.11682636,101.48,Inner LA
Pico Rivera,24.5,12.13665654,60.9,Inner LA
Los Angeles,53.2,12.52185449,47.79,Inner LA
Baldwin Park,33.1,11.92341677,66.86,Inner LA
Norwalk,39.7,11.94672827,47.46,Inner LA
Los Angeles,53.6,12.05421442,55.36,Inner LA
Los Angeles,40.2,14.60341571,77.11,Inner LA
El Monte,36.0,12.03686392,73.28,Inner LA
East Los Angeles,29.7,12.13544749,56.8,Inner LA
Los Angeles,37.7,12.54060138,79.11,Inner LA
Los Angeles,60.8,12.00727367,71.2,Inner LA
Los Angeles,48.7,12.58335026,46.93,Inner LA
Los Angeles,45.1,11.73546463,63.43,Inner LA
Los Angeles,55.7,11.65417914,103.61,Inner LA
Los Angeles,51.9,12.00354413,57.36,Inner LA
Azusa,58.0,11.61864871,71.92,Inner LA
Los Angeles,34.7,10.92897449,63.98,Inner LA
Los Angeles,74.5,11.6143557,93.94,Inner LA
Pomona,36.3,12.67092751,74.9,Inner LA
Los Angeles,49.8,11.84082938,68.26,Inner LA
Los Angeles,56.8,12.56881211,25.03,Inner LA
Paramount,38.5,12.04803982,49.06,Inner LA
Los Angeles,52.8,12.00979423,39.77,Inner LA
Unincorporated Los Angeles County area,46.3,11.96826937,41.17,Outer LA
Rosemead,36.2,11.96177798,37.84,Inner LA
Los Angeles,37.4,12.66717011,68.54,Inner LA
Los Angeles,69.4,12.18410918,54.24,Inner LA
Los Angeles,65.4,12.32883267,77.98,Inner LA
Los Angeles,54.3,12.28025039,51.52,Inner LA
Los Angeles,43.4,11.95656498,142.48,Inner LA
Los Angeles,29.2,11.43570021,74.78,Inner LA
East Los Angeles,46.2,12.23170295,72.44,Inner LA
Long Beach,54.2,12.95638339,94.42,Inner LA
East Los Angeles,45.8,12.23883919,67.0,Inner LA
Glendale,21.8,11.80183487,26.01,Inner LA
Los Angeles,72.0,12.03324822,76.3,Inner LA
South San Jose Hills,37.1,12.16911396,61.59,Inner LA
Inglewood,41.8,11.99554293,90.81,Inner LA
Huntington Park,64.7,12.0654342,60.74,Inner LA
Huntington Park,64.9,12.05709531,54.4,Inner LA
Los Angeles,44.4,13.91010057,77.64,Inner LA
Pomona,28.2,12.83671121,79.24,Inner LA
Bellflower,48.7,11.81723127,61.64,Inner LA
Hawthorne,41.2,12.09709798,77.65,Inner LA
Los Angeles,53.3,12.08445864,70.0,Inner LA
Montebello,39.8,12.12832194,57.34,Inner LA
Lynwood,70.3,12.02885778,56.87,Inner LA
Los Angeles,55.3,12.01277774,37.29,Inner LA
La Puente,49.8,12.16555191,73.09,Inner LA
Los Angeles,41.5,11.9405062,59.95,Inner LA
Los Angeles,25.5,13.67637814,59.9,Inner LA
Lawndale,49.1,12.02658065,61.84,Inner LA
Los Angeles,42.5,13.04237213,48.22,Inner LA
Glendale,38.0,11.73900128,43.46,Inner LA
Los Angeles,26.5,13.10021891,69.66,Inner LA
Los Angeles,46.4,11.40197774,81.71,Inner LA
Norwalk,47.5,11.91520206,57.55,Inner LA
La Puente,27.8,12.0514888,51.18,Inner LA
Los Angeles,63.6,12.28627082,69.81,Inner LA
Los Angeles,59.2,12.05102217,68.9,Inner LA
Los Angeles,43.0,11.56009788,62.98,Inner LA
Los Angeles,55.2,11.96219866,88.18,Inner LA
Del Aire,20.4,12.02408342,77.65,Inner LA
Los Angeles,66.9,12.10569353,48.36,Inner LA
Los Angeles,45.0,11.95605462,128.19,Inner LA
Inglewood,47.7,11.91526102,85.25,Inner LA
Pico Rivera,30.2,12.14765766,60.9,Inner LA
Los Angeles,27.0,12.62052222,54.95,Inner LA
East Los Angeles,55.8,12.19393725,72.44,Inner LA
Inglewood,54.7,11.99554293,96.16,Inner LA
El Monte,62.2,12.05877043,58.77,Inner LA
Los Angeles,47.7,11.9612643,95.03,Inner LA
Long Beach,39.2,11.60296908,103.05,Inner LA
Long Beach,46.0,11.93730018,84.91,Inner LA
Norwalk,18.9,11.92234367,49.88,Inner LA
Los Angeles,46.1,11.66547916,72.43,Inner LA
Lancaster,57.4,7.089534607,158.01,Outer LA
Los Angeles,48.1,12.03217459,70.0,Inner LA
Long Beach,63.5,11.65311866,110.89,Inner LA
Los Angeles,34.0,11.93699275,86.35,Inner LA
Baldwin Park,38.6,11.99457613,54.7,Inner LA
Inglewood,61.3,11.98293327,91.63,Inner LA
Los Angeles,19.7,12.37542981,55.72,Inner LA
Los Angeles,74.9,11.50949454,69.12,Inner LA
Los Angeles,52.6,11.97058361,47.74,Inner LA
Gardena,22.3,12.04354267,84.53,Inner LA
Los Angeles,64.2,12.12928682,34.81,Inner LA
Gardena,34.4,11.96424403,75.51,Inner LA
Los Angeles,68.8,12.33647073,35.25,Inner LA
Long Beach,41.5,11.73964651,82.02,Inner LA
Los Angeles,42.3,12.25375816,47.56,Inner LA
Lancaster,67.4,7.32047241,158.01,Outer LA
Long Beach,57.7,11.70472748,120.09,Inner LA
Pomona,49.1,12.67648041,74.95,Inner LA
Pico Rivera,30.1,12.10709178,57.61,Inner LA
Carson,21.7,11.98352182,67.35,Inner LA
Los Angeles,49.3,11.56904887,52.18,Inner LA
Inglewood,62.4,12.02230894,84.93,Inner LA
Los Angeles,58.5,12.20870236,74.85,Inner LA
Los Angeles,34.2,13.28667479,64.81,Inner LA
La Puente,32.5,12.14946851,73.09,Inner LA
East Los Angeles,51.8,12.15059385,72.44,Inner LA
Los Angeles,45.3,12.10279177,56.78,Inner LA
Long Beach,31.9,12.0198097,89.18,Inner LA
Norwalk,44.0,11.90058683,57.55,Inner LA
Los Angeles,74.7,12.11034605,39.69,Inner LA
Glendale,33.3,11.78171348,34.91,Inner LA
Los Angeles,33.0,11.89552128,56.9,Inner LA
San Gabriel,51.7,11.91454322,40.35,Inner LA
Huntington Park,50.2,12.05058662,41.09,Inner LA
Whittier,54.2,11.9768033,78.72,Inner LA
Los Angeles,44.8,12.19449024,44.33,Inner LA
Los Angeles,51.0,12.16076534,49.08,Inner LA
Los Angeles,40.8,11.56388147,31.7,Inner LA
Long Beach,39.1,12.31736907,94.42,Inner LA
Los Angeles,41.2,11.89473641,109.64,Inner LA
Los Angeles,59.2,11.74873865,76.33,Inner LA
Glendale,36.3,11.76431624,38.67,Inner LA
Los Angeles,42.3,11.49943551,62.85,Inner LA
Inglewood,39.4,12.02230894,96.5,Inner LA
Long Beach,43.7,12.2095544,94.42,Inner LA
Los Angeles,82.3,12.23163332,52.07,Inner LA
Norwalk,25.9,11.96563578,57.55,Inner LA
Los Angeles,42.8,13.17311521,72.56,Inner LA
Baldwin Park,28.9,11.95803873,55.68,Inner LA
Santa Monica,34.8,11.77169218,50.21,Inner LA
Bell,55.5,12.02269432,54.25,Inner LA
Walnut Park,49.8,12.06379023,60.74,Inner LA
Los Angeles,56.5,12.05421442,62.18,Inner LA
La Puente,41.6,12.12966122,73.09,Inner LA
Lawndale,37.9,12.00914658,66.79,Inner LA
Los Angeles,51.8,11.16285509,58.65,Inner LA
El Monte,39.3,11.94431824,63.91,Inner LA
San Fernando,42.8,11.23027109,76.96,Inner LA
Del Aire,25.8,11.9746039,56.41,Inner LA
Unincorporated Los Angeles County area,34.5,6.53795223,147.68,Outer LA
Whittier,38.0,11.9465996,53.32,Inner LA
Los Angeles,41.7,11.72966207,76.33,Inner LA
Los Angeles,49.5,12.1093104,54.24,Inner LA
Los Angeles,49.7,11.97005427,79.44,Inner LA
South Whittier,44.6,11.95022379,47.68,Inner LA
Burbank,33.9,11.78538706,39.05,Inner LA
Huntington Park,45.2,12.05709531,60.74,Inner LA
Inglewood,51.4,11.91789577,99.47,Inner LA
Norwalk,32.1,11.9261271,49.03,Inner LA
Downey,32.2,12.01107836,38.02,Inner LA
Whittier,45.6,11.87584315,78.72,Inner LA
Hawthorne,36.7,12.04384673,75.9,Inner LA
Los Angeles,44.7,11.35398379,57.99,Inner LA
Los Angeles,35.4,11.98109779,63.37,Inner LA
East Los Angeles,45.7,12.195666750000001,56.8,Inner LA
Lancaster,50.1,7.35997026,154.42,Outer LA
Los Angeles,39.5,12.22276714,55.72,Inner LA
Los Angeles,44.1,11.66547916,89.05,Inner LA
Lawndale,39.4,12.03026306,67.69,Inner LA
Los Angeles,66.3,12.17492801,45.99,Inner LA
Rosemead,38.6,11.82809251,35.75,Inner LA
Paramount,28.6,11.94880378,56.27,Inner LA
Los Angeles,30.7,11.63126039,84.63,Inner LA
Los Angeles,70.4,12.33647073,41.87,Inner LA
Baldwin Park,28.7,11.89983237,66.86,Inner LA
Los Angeles,47.9,12.06540746,29.57,Inner LA
South Gate,58.0,12.03324185,52.53,Inner LA
East Rancho Dominguez,52.1,12.09480796,94.25,Inner LA
Gardena,35.9,12.03767529,67.23,Inner LA
Los Angeles,63.9,12.12349272,52.8,Inner LA
Glendale,45.3,11.76570581,34.08,Inner LA
Rosemead,28.7,11.91096563,41.18,Inner LA
Westmont,66.9,12.06489236,98.17,Inner LA
Paramount,41.6,12.01505311,53.18,Inner LA
Paramount,27.1,11.96818163,49.73,Inner LA
Los Angeles,35.2,11.57359089,79.78,Inner LA
Montebello,31.5,12.12462656,48.18,Inner LA
Los Angeles,62.6,12.44209355,49.2,Inner LA
Azusa,48.4,11.66566111,71.92,Inner LA
Whittier,36.8,12.0239404,57.77,Inner LA
Los Angeles,26.4,12.72007499,63.41,Inner LA
Cudahy,47.5,12.03327676,48.64,Inner LA
El Monte,47.3,11.9501425,45.12,Inner LA
Pomona,50.0,12.57041626,78.05,Inner LA
Westmont,42.7,12.09306944,95.58,Inner LA
Los Angeles,27.4,11.92245429,129.15,Inner LA
Montebello,41.7,12.10008748,57.34,Inner LA
Los Angeles,51.3,12.01277774,36.9,Inner LA
Los Angeles,32.2,12.01083645,68.9,Inner LA
Bellflower,42.7,11.93490195,61.63,Inner LA
Los Angeles,50.8,12.00004387,46.56,Inner LA
Bellflower,32.1,12.01505311,51.79,Inner LA
Hawthorne,50.7,11.95518491,77.65,Inner LA
Los Angeles,34.8,11.95162029,137.44,Inner LA
El Monte,32.7,12.10966426,47.95,Inner LA
Los Angeles,30.9,12.05245233,122.94,Inner LA
Los Angeles,49.7,11.85390933,60.39,Inner LA
Los Angeles,50.9,12.01439591,49.01,Inner LA
Los Angeles,63.5,12.12349272,27.4,Inner LA
Los Angeles,38.1,11.54950171,53.69,Inner LA
Los Angeles,49.0,11.51474422,47.83,Inner LA
Los Angeles,56.1,12.10569353,48.36,Inner LA
Los Angeles,54.7,11.74227149,76.93,Inner LA
Irwindale,27.1,11.70431647,48.55,Inner LA
Los Angeles,56.7,12.1093104,54.24,Inner LA
Gardena,19.5,12.05567624,58.82,Inner LA
Los Angeles,59.6,12.08514397,56.78,Inner LA
Los Angeles,58.8,12.08158891,54.24,Inner LA
Los Angeles,66.5,12.41048715,67.4,Inner LA
South Gate,52.9,12.05649412,44.91,Inner LA
Los Angeles,55.0,11.66422752,63.43,Inner LA
Los Angeles,21.6,12.28930733,80.2,Inner LA
Los Angeles,54.3,11.76222237,50.63,Inner LA
Los Angeles,52.4,11.49489892,79.39,Inner LA
Los Angeles,28.1,12.53052604,75.02,Inner LA
Los Angeles,39.3,11.47638507,72.7,Inner LA
Pico Rivera,32.6,12.14502544,60.9,Inner LA
Los Angeles,30.4,12.0125659,89.86,Inner LA
Los Angeles,53.3,12.87564539,30.75,Inner LA
Los Angeles,67.4,12.08158891,54.24,Inner LA
Los Angeles,47.4,11.68401519,76.33,Inner LA
Valinda,21.0,12.07222178,52.58,Inner LA
Downey,14.1,12.06353217,47.51,Inner LA
Los Angeles,27.8,11.89731689,45.8,Inner LA
Carson,26.2,11.81058961,79.55,Inner LA
Norwalk,32.1,11.89997956,57.55,Inner LA
Pico Rivera,25.6,11.90846846,60.9,Inner LA
Los Angeles,45.2,11.55022293,51.12,Inner LA
Los Angeles,27.0,13.58372945,83.59,Inner LA
Long Beach,55.1,11.75572268,128.01,Inner LA
Los Angeles,53.2,11.98834506,42.89,Inner LA
Los Angeles,60.4,12.07444266,41.84,Inner LA
Los Angeles,36.0,11.8291691,44.64,Inner LA
Montebello,29.9,12.14306243,57.34,Inner LA
Lancaster,64.3,7.282014992,151.71,Outer LA
Los Angeles,49.7,12.23190845,49.83,Inner LA
Long Beach,20.1,11.53907188,97.81,Inner LA
Los Angeles,47.5,13.2969311,83.59,Inner LA
Los Angeles,34.8,12.16478122,52.37,Inner LA
Long Beach,47.6,12.14582489,94.42,Inner LA
Los Angeles,53.6,12.05102217,68.9,Inner LA
Los Angeles,32.3,12.22276714,55.72,Inner LA
Los Angeles,65.3,12.03443249,38.44,Inner LA
Los Angeles,68.6,12.17561826,34.0,Inner LA
Inglewood,58.4,12.04203201,99.47,Inner LA
Long Beach,63.5,11.65311866,93.13,Inner LA
Los Angeles,45.8,11.18494089,50.82,Inner LA
Alhambra,27.7,11.83580366,35.51,Inner LA
Baldwin Park,41.3,11.87892599,66.86,Inner LA
Pico Rivera,22.3,11.96047611,53.1,Inner LA
Los Angeles,34.7,12.22276714,55.72,Inner LA
Long Beach,78.4,12.14582489,79.48,Inner LA
Los Angeles,43.5,11.85326141,80.81,Inner LA
West Carson,21.8,12.00487891,58.78,Inner LA
Hawthorne,57.7,12.06312607,77.65,Inner LA
Los Angeles,47.5,12.03217459,47.59,Inner LA
Los Angeles,60.3,12.02272051,48.43,Inner LA
Bellflower,39.4,11.7740438,60.35,Inner LA
Los Angeles,40.9,11.98834506,63.0,Inner LA
West Covina,25.6,12.04200811,62.46,Inner LA
Los Angeles,38.0,11.96906139,62.2,Inner LA
Hawthorne,28.0,12.01849263,77.5,Inner LA
Los Angeles,48.0,11.98833627,89.86,Inner LA
Norwalk,34.8,11.97767043,57.55,Inner LA
Los Angeles,86.3,12.11034605,48.36,Inner LA
Covina,40.1,12.10201885,36.78,Inner LA
Santa Monica,38.4,11.7063039,65.51,Inner LA
Los Angeles,67.0,11.91626655,105.63,Inner LA
West Covina,25.9,12.11239463,45.89,Inner LA
East Los Angeles,52.5,12.23883919,72.44,Inner LA
Los Angeles,26.7,12.35063461,85.61,Inner LA
Los Angeles,58.7,12.17561826,54.24,Inner LA
Los Angeles,45.0,12.00024046,89.86,Inner LA
Santa Monica,32.9,11.71046441,50.53,Inner LA
Huntington Park,64.3,12.07802241,60.74,Inner LA
Bellflower,47.0,11.91361716,61.64,Inner LA
Pomona,36.7,12.76241295,67.95,Inner LA
Los Angeles,33.0,11.49534692,67.61,Inner LA
Culver City,40.7,11.63317139,34.22,Inner LA
Los Angeles,54.4,11.85390933,56.93,Inner LA
West Whittier-Los Nietos,31.8,12.00941574,60.7,Inner LA
Long Beach,41.6,11.66444496,85.4,Inner LA
Los Angeles,42.0,12.12349272,43.86,Inner LA
Huntington Park,42.1,12.05058662,52.82,Inner LA
Los Angeles,54.5,12.11019063,63.37,Inner LA
Los Angeles,42.2,13.04237213,59.55,Inner LA
Los Angeles,44.4,12.004739,89.86,Inner LA
Norwalk,27.4,11.91971836,56.71,Inner LA
Los Angeles,64.9,12.18410918,35.37,Inner LA
Los Angeles,34.2,12.02803671,137.3,Inner LA
Norwalk,25.8,11.94041032,54.01,Inner LA
Lancaster,67.7,7.079346855,142.59,Outer LA
La Puente,34.7,12.04055776,52.64,Inner LA
Los Angeles,45.5,12.12103103,55.53,Inner LA
Long Beach,58.4,11.66802231,84.76,Inner LA
Azusa,29.3,11.35888804,71.92,Inner LA
Montebello,16.1,12.07038029,42.27,Inner LA
Long Beach,59.1,11.60712094,70.58,Inner LA
Los Angeles,29.0,13.04879399,62.01,Inner LA
Gardena,34.8,12.06226955,87.73,Inner LA
El Monte,46.0,12.02474883,45.69,Inner LA
Los Angeles,31.8,14.1439342,83.59,Inner LA
Inglewood,50.7,11.99377914,47.4,Inner LA
Los Angeles,68.3,11.77397672,78.05,Inner LA
Los Angeles,59.6,12.10279177,56.78,Inner LA
Unincorporated Los Angeles County area,50.4,8.016552177,90.14,Outer LA
Lakewood,30.6,11.72757889,46.99,Inner LA
Rosemead,29.7,11.89021324,36.47,Inner LA
Bell Gardens,48.4,12.18882021,36.38,Inner LA
Downey,48.8,12.05025593,40.76,Inner LA
Los Angeles,37.5,12.10876877,48.83,Inner LA
Palmdale,68.5,8.006411157,113.05,Outer LA
Los Angeles,71.6,12.05189368,48.36,Inner LA
Los Angeles,36.9,11.55470265,39.33,Inner LA
Los Angeles,40.0,11.92094307,49.78,Inner LA
Los Angeles,35.9,11.95669453,96.6,Inner LA
Bellflower,38.5,11.91361716,61.64,Inner LA
Los Angeles,30.5,13.92093494,64.32,Inner LA
Los Angeles,49.6,11.57827864,51.63,Inner LA
Norwalk,37.4,11.9351668,57.55,Inner LA
Downey,37.4,11.97632268,50.47,Inner LA
Los Angeles,29.8,12.0118796,68.9,Inner LA
Los Angeles,42.8,12.21868346,70.21,Inner LA
Los Angeles,22.6,11.51448362,76.99,Inner LA
Huntington Park,65.7,12.0654342,60.74,Inner LA
Los Angeles,23.4,11.95162029,132.38,Inner LA
Los Angeles,48.5,10.9466938,48.36,Inner LA
Signal Hill,32.9,11.67319958,44.28,Inner LA
Carson,20.3,12.06280112,50.37,Inner LA
Los Angeles,32.9,12.59506202,70.82,Inner LA
Los Angeles,49.2,11.93136639,137.55,Inner LA
Los Angeles,46.1,12.01277774,36.75,Inner LA
Vincent,32.1,11.73121178,71.92,Inner LA
Los Angeles,48.7,11.16595012,81.71,Inner LA
Los Angeles,59.3,12.12928682,30.5,Inner LA
Bellflower,34.4,11.83423059,61.64,Inner LA
Pomona,22.3,12.63136586,59.21,Inner LA
Baldwin Park,49.7,11.77532346,66.86,Inner LA
Los Angeles,36.2,11.97162189,26.3,Inner LA
Los Angeles,55.9,12.07444266,36.24,Inner LA
Downey,39.5,12.11822591,46.57,Inner LA
Baldwin Park,29.5,11.85730833,66.86,Inner LA
Los Angeles,41.5,11.98149623,95.26,Inner LA
Carson,31.3,11.93567842,67.35,Inner LA
Los Angeles,27.1,11.30064758,51.46,Inner LA
Los Angeles,43.9,12.07626386,59.26,Inner LA
Glendale,29.5,11.81164905,35.47,Inner LA
Los Angeles,64.2,12.08158891,41.65,Inner LA
Los Angeles,37.4,12.21868346,84.14,Inner LA
Los Angeles,32.3,11.84918524,58.61,Inner LA
Los Angeles,42.3,11.75842764,49.04,Inner LA
Los Angeles,40.7,11.85097115,53.46,Inner LA
Los Angeles,45.0,12.00885913,68.9,Inner LA
Glendale,43.6,11.78597488,51.08,Inner LA
Inglewood,27.4,11.94355273,99.47,Inner LA
South Gate,53.1,12.06007558,52.53,Inner LA
Palmdale,84.8,7.689188195,90.38,Outer LA
Glendale,56.8,11.76431624,38.38,Inner LA
South Gate,42.3,12.05058449,52.53,Inner LA
Long Beach,15.0,11.73964651,80.31,Inner LA
Los Angeles,27.3,11.74873865,74.29,Inner LA
Burbank,25.1,11.80990068,32.25,Inner LA
Long Beach,19.9,10.79314841,52.75,Inner LA
Los Angeles,47.5,11.98149623,65.75,Inner LA
Lennox,32.0,11.96153339,60.4,Inner LA
Pomona,33.3,12.94273197,73.22,Inner LA
Alhambra,54.2,11.91810723,33.33,Inner LA
Los Angeles,26.0,12.41477456,59.88,Inner LA
Los Angeles,22.4,12.12804813,61.35,Inner LA
Los Angeles,56.5,12.12349272,33.16,Inner LA
Los Angeles,27.2,11.11249892,59.85,Inner LA
Industry,23.2,12.07652502,62.45,Inner LA
Los Angeles,38.4,11.99265418,43.46,Inner LA
Los Angeles,27.8,11.88962253,49.91,Inner LA
Duarte,36.1,11.80206026,51.82,Inner LA
Los Angeles,35.1,12.64622444,44.47,Inner LA
Glendale,44.6,11.74227874,40.56,Inner LA
Long Beach,42.3,11.46157855,71.55,Inner LA
Alhambra,38.1,11.80787374,32.92,Inner LA
Glendale,27.7,11.75637121,35.22,Inner LA
Alhambra,42.6,11.86866931,39.56,Inner LA
Los Angeles,47.5,12.05102217,68.9,Inner LA
Los Angeles,39.5,12.05494302,65.4,Inner LA
Azusa,41.5,11.73121178,71.92,Inner LA
Palmdale,78.0,7.790454775,125.16,Outer LA
Industry,35.3,12.17440042,29.61,Inner LA
Los Angeles,68.8,10.98471997,63.98,Inner LA
Burbank,39.7,11.76906719,27.72,Inner LA
Montebello,17.1,12.00891284,53.02,Inner LA
Los Angeles,42.3,11.63653858,61.77,Inner LA
Los Angeles,29.6,11.88924998,65.4,Inner LA
Los Angeles,34.9,11.54686613,73.91,Inner LA
San Fernando,34.9,11.10562647,76.51,Inner LA
Los Angeles,24.0,12.35660149,55.72,Inner LA
South Whittier,34.3,11.80803464,47.14,Inner LA
Long Beach,40.8,11.64459056,88.32,Inner LA
Los Angeles,51.8,12.00885913,63.71,Inner LA
Los Angeles,30.0,11.97617641,53.18,Inner LA
Los Angeles,63.1,11.91626655,60.07,Inner LA
Burbank,52.6,11.75527544,21.83,Inner LA
Los Angeles,26.5,12.13614247,75.02,Inner LA
Los Angeles,38.2,11.54284994,59.61,Inner LA
Inglewood,35.3,11.87102583,93.43,Inner LA
Los Angeles,26.1,11.0936932,56.97,Inner LA
Los Angeles,27.7,11.18491889,58.61,Inner LA
West Covina,37.1,11.99285095,53.05,Inner LA
West Puente Valley,28.8,12.01253125,41.82,Inner LA
Los Angeles,44.4,12.08514397,52.8,Inner LA
Westmont,22.5,12.11332221,139.63,Inner LA
Lancaster,50.5,7.36594733,158.01,Outer LA
Lawndale,41.7,12.02658065,50.53,Inner LA
Los Angeles,32.5,11.49534692,40.88,Inner LA
Los Angeles,70.1,12.18410918,45.55,Inner LA
Downey,24.8,12.11827006,38.85,Inner LA
Los Angeles,85.4,12.05189368,48.36,Inner LA
Los Angeles,25.0,11.78762745,76.33,Inner LA
Santa Fe Springs,23.8,12.11093891,53.28,Inner LA
South Gate,48.0,12.05649412,35.3,Inner LA
Los Angeles,21.9,11.91626655,89.62,Inner LA
Bellflower,30.6,11.86178203,61.64,Inner LA
Valinda,38.9,12.08391482,60.96,Inner LA
West Puente Valley,32.4,12.08566864,73.09,Inner LA
Los Angeles,42.0,11.82898336,47.69,Inner LA
Bellflower,28.7,11.92933171,61.64,Inner LA
Hacienda Heights,25.1,12.0653127,46.16,Inner LA
Los Angeles,43.7,12.06166379,42.74,Inner LA
Los Angeles,45.1,12.12928682,35.92,Inner LA
Norwalk,39.8,11.9499108,56.91,Inner LA
Santa Fe Springs,43.5,11.97258964,33.33,Inner LA
Los Angeles,41.7,11.99265418,43.46,Inner LA
Los Angeles,59.0,12.17561826,54.24,Inner LA
Lynwood,67.9,12.05144249,31.32,Inner LA
Los Angeles,45.4,11.6143557,58.49,Inner LA
Pomona,52.3,12.50761355,74.95,Inner LA
Los Angeles,40.9,11.15277668,52.02,Inner LA
Los Angeles,35.1,12.02165432,125.13,Inner LA
Los Angeles,27.7,11.8586098,84.14,Inner LA
Los Angeles,42.7,12.03443249,54.58,Inner LA
Los Angeles,47.2,11.54609441,53.25,Inner LA
Los Angeles,44.0,11.59401635,38.08,Inner LA
Long Beach,58.4,11.65311866,93.2,Inner LA
South Whittier,38.6,11.95834844,49.72,Inner LA
Palmdale,59.2,7.517740005,125.16,Outer LA
Los Angeles,35.9,12.25891972,59.14,Inner LA
Norwalk,26.6,11.96563578,57.55,Inner LA
Los Angeles,20.8,11.70934701,80.14,Inner LA
Hawaiian Gardens,47.3,11.68002345,47.02,Inner LA
Industry,24.8,12.03229985,40.19,Inner LA
Alhambra,33.0,11.83922597,39.56,Inner LA
Los Angeles,42.9,11.13779234,77.15,Inner LA
San Fernando,31.4,11.08053704,80.64,Inner LA
South Monrovia Island,29.7,11.92162832,41.61,Inner LA
Downey,25.8,11.92158918,38.22,Inner LA
Los Angeles,51.8,12.04695849,40.82,Inner LA
Los Angeles,40.4,11.90677464,60.77,Inner LA
Unincorporated Los Angeles County area,10.5,11.9650108,56.32,Outer LA
Rosemead,34.8,11.77856947,38.43,Inner LA
South San Jose Hills,38.9,12.1202248,54.57,Inner LA
Los Angeles,62.1,12.12928682,34.81,Inner LA
Downey,15.7,12.17478332,33.83,Inner LA
Montebello,20.3,12.02366434,35.93,Inner LA
Los Angeles,50.7,12.05908901,41.85,Inner LA
Los Angeles,26.6,10.9951147,54.03,Inner LA
Los Angeles,36.0,12.06757527,29.07,Inner LA
Inglewood,30.0,12.04203201,99.35,Inner LA
Monrovia,32.2,11.8926537,46.9,Inner LA
Los Angeles,48.2,12.01439591,56.78,Inner LA
Rosemead,49.9,11.90909207,31.35,Inner LA
Los Angeles,13.1,11.96632968,45.8,Inner LA
Gardena,38.5,12.05073573,85.71,Inner LA
Los Angeles,38.9,11.8825333,43.77,Inner LA
Los Angeles,40.8,12.29318207,41.97,Inner LA
Long Beach,60.1,11.62534541,82.02,Inner LA
Los Angeles,18.4,11.91305485,132.05,Inner LA
Los Angeles,40.6,12.08445864,48.32,Inner LA
Los Angeles,45.5,11.64363901,47.69,Inner LA
Alhambra,46.4,11.96491784,36.6,Inner LA
Los Angeles,33.3,11.54238267,56.06,Inner LA
Pico Rivera,28.4,12.08826952,57.45,Inner LA
Hacienda Heights,28.6,12.10811905,46.16,Inner LA
Unincorporated Los Angeles County area,62.7,6.489228665,129.41,Outer LA
South Whittier,22.9,11.85366807,47.09,Inner LA
Rosemead,37.9,11.97713098,41.18,Inner LA
Long Beach,54.7,11.66802231,111.73,Inner LA
Glendale,36.8,11.80183487,30.96,Inner LA
Los Angeles,48.8,11.03348841,44.68,Inner LA
Pomona,28.6,12.96365923,63.93,Inner LA
Rosemead,47.9,11.93764971,41.18,Inner LA
Los Angeles,56.0,12.17561826,29.98,Inner LA
Los Angeles,30.5,11.90037867,46.36,Inner LA
Lawndale,35.8,11.99658497,67.69,Inner LA
San Gabriel,29.6,11.77450378,37.59,Inner LA
Rosemead,39.3,11.97713098,38.68,Inner LA
La Mirada,35.2,11.94009075,28.45,Inner LA
Carson,17.5,11.94113985,67.35,Inner LA
Los Angeles,34.4,12.02897507,52.8,Inner LA
Long Beach,62.4,11.65311866,82.09,Inner LA
Los Angeles,30.4,11.92925429,129.72,Inner LA
Pasadena,40.3,11.45244565,55.76,Inner LA
Los Angeles,21.9,11.74486853,34.49,Inner LA
Downey,35.9,12.17044162,52.31,Inner LA
Los Angeles,39.9,11.93780554,123.34,Inner LA
Long Beach,53.3,11.61841941,93.2,Inner LA
Glendale,35.3,11.76431624,32.7,Inner LA
Lakewood,14.4,11.81301379,123.15,Inner LA
Whittier,19.3,11.99522609,48.48,Inner LA
Los Angeles,48.5,11.82898336,45.42,Inner LA
Whittier,38.0,11.87584315,65.83,Inner LA
Hawthorne,45.9,12.06541253,54.38,Inner LA
Lakewood,42.2,11.69661028,41.48,Inner LA
Los Angeles,27.7,10.59569518,63.98,Inner LA
East Los Angeles,53.9,12.18849049,66.24,Inner LA
Pomona,24.8,12.46525139,71.97,Inner LA
Los Angeles,52.4,11.19241127,54.48,Inner LA
Los Angeles,46.1,12.08514397,36.18,Inner LA
Unincorporated Los Angeles County area,83.9,11.65549655,13.61,Outer LA
Los Angeles,21.8,11.59347741,51.81,Inner LA
Los Angeles,54.7,12.23190845,41.63,Inner LA
Los Angeles,36.6,11.64810526,63.43,Inner LA
Los Angeles,33.1,11.77891599,60.84,Inner LA
Carson,10.6,12.1614803,91.64,Inner LA
Long Beach,42.5,11.61841941,93.2,Inner LA
Hawthorne,38.5,12.05874567,77.65,Inner LA
Norwalk,27.3,11.95549388,49.0,Inner LA
Hacienda Heights,29.6,11.99756511,46.16,Inner LA
Pomona,29.3,12.72321352,64.64,Inner LA
Los Angeles,34.1,12.04695849,42.42,Inner LA
Los Angeles,37.2,11.65229752,103.61,Inner LA
Los Angeles,23.6,11.92169725,122.21,Inner LA
Alondra Park,21.9,11.94495667,62.79,Inner LA
Los Angeles,36.8,12.02644658,109.41,Inner LA
San Gabriel,50.7,11.82784269,32.15,Inner LA
Westmont,61.4,12.06489236,112.94,Inner LA
South Gate,29.2,12.04764057,50.93,Inner LA
Los Angeles,32.2,11.9334593,68.9,Inner LA
Los Angeles,43.3,11.92907459,63.37,Inner LA
Santa Monica,29.5,11.73422356,59.22,Inner LA
Bellflower,29.9,11.82252124,60.78,Inner LA
Pico Rivera,34.7,11.92860167,60.59,Inner LA
Long Beach,36.5,11.56132589,75.32,Inner LA
Citrus,41.5,11.8670759,56.36,Inner LA
Los Angeles,30.9,13.328001,62.36,Inner LA
Downey,31.1,12.05174502,40.17,Inner LA
Long Beach,13.3,11.60296908,99.74,Inner LA
San Gabriel,30.3,11.73873693,40.13,Inner LA
Los Angeles,35.1,11.70222472,22.8,Inner LA
Hawthorne,52.3,12.06541253,51.1,Inner LA
Los Angeles,68.0,12.10099038,28.1,Inner LA
Artesia,48.1,11.91444789,28.9,Inner LA
West Covina,16.1,12.02138466,56.32,Inner LA
Los Angeles,60.2,12.00979423,30.68,Inner LA
Los Angeles,25.2,12.53587816,26.46,Inner LA
Pico Rivera,36.9,12.01105817,59.16,Inner LA
Bellflower,23.3,11.825893,61.64,Inner LA
Inglewood,17.6,11.85656601,89.27,Inner LA
Santa Clarita,57.0,9.600230462,36.13,Outer LA
Los Angeles,33.8,11.86386022,52.98,Inner LA
Los Angeles,46.2,11.96568323,63.37,Inner LA
Alhambra,33.9,11.77094099,29.52,Inner LA
West Covina,23.4,12.07764139,50.29,Inner LA
Bellflower,51.3,11.9481473,61.64,Inner LA
San Gabriel,39.3,11.86900191,39.44,Inner LA
Downey,26.2,12.15364791,37.69,Inner LA
Los Angeles,29.7,12.83145517,68.17,Inner LA
Carson,28.8,11.97138796,67.35,Inner LA
West Covina,29.3,12.06869466,57.86,Inner LA
Pasadena,43.1,11.25833982,25.65,Inner LA
Los Angeles,38.6,12.21911535,41.95,Inner LA
La Mirada,18.5,11.98892325,37.42,Inner LA
South Gate,48.7,12.03324185,48.54,Inner LA
West Covina,28.7,12.1202248,36.54,Inner LA
Alhambra,39.7,11.67006296,37.65,Inner LA
Downey,25.5,11.98289749,41.57,Inner LA
Monrovia,28.8,11.87799737,48.78,Inner LA
Norwalk,30.6,12.04217149,47.04,Inner LA
Los Angeles,35.5,11.93699275,52.95,Inner LA
Los Angeles,31.4,12.60171498,59.55,Inner LA
Palmdale,41.7,7.845839415,97.14,Outer LA
Los Angeles,50.1,12.08158891,49.52,Inner LA
Los Angeles,56.0,11.8825333,25.4,Inner LA
Los Angeles,44.6,12.28627082,50.57,Inner LA
Duarte,28.8,11.7782415,57.14,Inner LA
Norwalk,33.0,11.90299857,57.55,Inner LA
Los Angeles,20.5,13.29586683,76.01,Inner LA
Signal Hill,28.8,11.57476591,34.55,Inner LA
Los Angeles,50.7,11.96568323,63.37,Inner LA
Los Angeles,45.8,11.52811451,37.89,Inner LA
Inglewood,24.3,12.11332221,73.51,Inner LA
Los Angeles,38.4,11.32230518,63.53,Inner LA
Los Angeles,24.9,11.73546463,52.33,Inner LA
Los Angeles,40.7,11.66569556,51.73,Inner LA
Rosemead,28.3,11.93236969,36.48,Inner LA
Los Angeles,25.6,10.45905335,50.4,Inner LA
La Verne,19.6,12.43020498,33.36,Inner LA
Los Angeles,50.5,11.66349226,103.61,Inner LA
Downey,27.5,12.15528894,31.59,Inner LA
Hawthorne,10.7,12.06312607,63.53,Inner LA
La Verne,31.0,12.48617746,35.1,Inner LA
Lawndale,40.8,11.91372433,65.36,Inner LA
Bellflower,45.1,11.93805962,53.47,Inner LA
Artesia,29.2,11.89366117,30.97,Inner LA
Los Angeles,55.6,12.10099038,29.06,Inner LA
Los Angeles,18.3,11.99828813,58.87,Inner LA
Temple City,33.8,11.77876176,27.26,Inner LA
Alhambra,43.0,11.85129966,21.08,Inner LA
Los Angeles,28.1,11.17287637,52.6,Inner LA
Hawthorne,43.4,12.06541253,77.65,Inner LA
Los Angeles,44.1,10.88563321,63.98,Inner LA
Los Angeles,37.5,11.49946691,42.89,Inner LA
Downey,21.5,12.06771641,48.68,Inner LA
Covina,34.4,12.11454487,74.1,Inner LA
Los Angeles,46.3,11.51474422,41.36,Inner LA
Inglewood,26.7,12.10856935,85.19,Inner LA
Montebello,23.6,12.2207944,57.34,Inner LA
Los Angeles,41.4,11.84082938,55.74,Inner LA
Los Angeles,24.2,10.92587915,63.98,Inner LA
Pomona,53.8,12.6367597,74.95,Inner LA
Los Angeles,31.2,11.77486462,31.87,Inner LA
Los Angeles,29.8,11.5294955,42.48,Inner LA
Los Angeles,46.3,11.77745707,47.69,Inner LA
Santa Monica,30.6,11.72139398,61.96,Inner LA
Hawthorne,43.0,12.05874567,77.65,Inner LA
Alhambra,44.5,11.67590961,39.56,Inner LA
Rosemead,65.8,11.97713098,35.94,Inner LA
Alhambra,42.7,11.964271,30.58,Inner LA
Lancaster,32.2,7.524445823,138.98,Outer LA
Paramount,42.8,12.01081735,34.98,Inner LA
Los Angeles,33.5,11.66867744,35.21,Inner LA
Los Angeles,43.3,11.7957642,42.6,Inner LA
Norwalk,26.6,11.9351668,39.36,Inner LA
Pasadena,50.1,11.31532488,34.19,Inner LA
Whittier,27.9,11.8738352,51.14,Inner LA
Burbank,22.3,11.54798796,40.67,Inner LA
Los Angeles,44.1,11.77745707,47.69,Inner LA
Bellflower,23.9,12.00051037,50.6,Inner LA
Los Angeles,45.3,11.99265418,43.46,Inner LA
Alhambra,38.5,11.67590961,39.56,Inner LA
Los Angeles,28.9,11.82283365,51.75,Inner LA
Los Angeles,47.1,11.98642408,34.99,Inner LA
West Whittier-Los Nietos,13.4,12.02689931,57.32,Inner LA
Carson,26.1,11.94368667,67.35,Inner LA
Los Angeles,16.7,11.7210889,67.94,Inner LA
Culver City,17.3,11.75041597,42.3,Inner LA
Glendale,29.3,11.77362275,30.96,Inner LA
Los Angeles,43.9,10.80754528,63.98,Inner LA
Los Angeles,26.9,11.24668191,63.98,Inner LA
Los Angeles,65.4,12.10099038,27.0,Inner LA
Santa Clarita,48.4,9.850480338,49.57,Outer LA
Duarte,21.7,11.59110318,46.71,Inner LA
Carson,21.3,12.14632002,89.45,Inner LA
Los Angeles,23.2,11.96632968,45.8,Inner LA
Los Angeles,34.0,12.16076534,38.99,Inner LA
Downey,16.1,12.1687175,34.65,Inner LA
Los Angeles,16.5,12.34764355,54.24,Inner LA
Carson,20.0,12.14345371,39.69,Inner LA
Walnut Park,36.5,12.05709531,56.81,Inner LA
Los Angeles,31.0,11.68696862,30.88,Inner LA
West Hollywood,34.7,11.79372492,27.26,Inner LA
Los Angeles,30.8,12.76048166,42.02,Inner LA
Los Angeles,10.4,11.76122625,80.35,Inner LA
Los Angeles,48.2,12.41048715,68.42,Inner LA
Lakewood,26.5,11.72749499,142.13,Inner LA
Los Angeles,46.6,12.04695849,40.06,Inner LA
Los Angeles,27.9,12.04220557,38.86,Inner LA
Monterey Park,33.9,12.04780528,39.59,Inner LA
Los Angeles,18.5,11.34325331,66.44,Inner LA
Carson,23.2,11.78762745,51.05,Inner LA
Los Angeles,27.9,11.14147063,43.21,Inner LA
Avocado Heights,18.3,12.0734786,38.09,Inner LA
Palmdale,54.3,7.662319503,116.62,Outer LA
Los Angeles,18.0,11.73778552,33.72,Inner LA
Los Angeles,18.4,12.11289442,35.69,Inner LA
South San Jose Hills,47.8,12.21273735,44.95,Inner LA
South Whittier,19.1,11.87983491,59.3,Inner LA
Los Angeles,21.5,11.53404464,26.16,Inner LA
Cerritos,14.5,11.92103135,38.96,Inner LA
Los Angeles,40.7,11.55914703,103.61,Inner LA
Los Angeles,34.2,11.96275337,78.95,Inner LA
Claremont,37.2,13.12312452,30.53,Inner LA
South Whittier,16.4,11.94497052,54.86,Inner LA
Baldwin Park,33.2,11.885902,66.86,Inner LA
Los Angeles,50.3,12.08514397,22.94,Inner LA
Los Angeles,25.0,12.08445864,42.51,Inner LA
Los Angeles,21.0,11.9625185,77.33,Inner LA
Los Angeles,24.9,12.54205752,30.75,Inner LA
Los Angeles,21.8,11.88815827,132.42,Inner LA
Los Angeles,16.1,12.61681879,46.6,Inner LA
Covina,17.1,11.91045218,57.17,Inner LA
Lancaster,43.8,7.448292093,154.07,Outer LA
Los Angeles,36.7,11.67101336,103.61,Inner LA
Glendale,18.4,11.77220627,48.43,Inner LA
Los Angeles,15.8,11.73440042,60.96,Inner LA
Burbank,24.0,11.71245026,30.68,Inner LA
Hacienda Heights,25.1,12.0075054,43.99,Inner LA
Palmdale,36.0,7.196020751,63.61,Outer LA
Los Angeles,51.3,12.10099038,34.81,Inner LA
Los Angeles,33.6,12.08445864,55.72,Inner LA
Los Angeles,19.7,11.93784179,70.35,Inner LA
West Covina,32.1,12.03825198,41.97,Inner LA
Inglewood,20.0,11.87102583,85.79,Inner LA
Downey,16.5,12.15532851,34.41,Inner LA
Valinda,23.3,12.14364495,50.12,Inner LA
Los Angeles,22.8,11.91664471,38.98,Inner LA
Torrance,18.8,11.93539635,58.83,Inner LA
Pasadena,30.8,11.44429789,53.64,Inner LA
Los Angeles,39.6,12.03443249,48.34,Inner LA
Alhambra,37.4,11.964271,29.79,Inner LA
Lancaster,49.8,7.370326308,146.06,Outer LA
Los Angeles,24.1,10.76509567,63.98,Inner LA
Los Angeles,26.1,12.33660886,53.58,Inner LA
West Puente Valley,24.7,12.10490826,62.46,Inner LA
Whittier,52.1,11.94985769,56.37,Inner LA
Torrance,27.9,12.01245967,35.45,Inner LA
Los Angeles,31.1,11.61811053,23.45,Inner LA
Inglewood,24.5,12.04526539,100.97,Inner LA
Los Angeles,24.3,10.94114862,63.74,Inner LA
West Covina,32.5,12.01014347,25.89,Inner LA
Los Angeles,86.1,12.00727367,17.21,Inner LA
Long Beach,26.5,11.64728179,59.25,Inner LA
Pomona,22.7,12.85876857,87.89,Inner LA
Pasadena,69.0,11.37715041,38.39,Inner LA
South Whittier,27.5,11.9373529,47.73,Inner LA
Los Angeles,17.4,11.77575945,37.87,Inner LA
Los Angeles,22.1,11.4990414,66.44,Inner LA
South Whittier,21.7,11.86416615,36.54,Inner LA
Los Angeles,9.8,11.29546441,74.78,Inner LA
Los Angeles,44.4,12.00004387,31.69,Inner LA
Los Angeles,29.4,12.03217459,38.86,Inner LA
Torrance,27.5,11.97526256,31.54,Inner LA
Palmdale,30.9,8.480696039,79.34,Outer LA
Gardena,36.5,12.06831914,87.73,Inner LA
Los Angeles,26.3,11.61984123,36.87,Inner LA
Los Angeles,58.9,12.28627082,53.21,Inner LA
Monterey Park,27.9,12.17805962,34.52,Inner LA
Santa Clarita,27.4,10.13942579,58.84,Outer LA
Culver City,30.0,11.64969136,41.08,Inner LA
Los Angeles,20.7,11.66912326,31.66,Inner LA
Los Angeles,22.0,12.06378259,36.41,Inner LA
West Carson,17.5,11.93215537,55.74,Inner LA
Palmdale,39.3,7.60981225,51.5,Outer LA
Los Angeles,44.0,11.51704216,41.76,Inner LA
San Gabriel,35.8,11.60331677,28.17,Inner LA
Los Angeles,28.0,12.14526757,65.4,Inner LA
Los Angeles,18.1,12.00322844,29.5,Inner LA
Covina,25.2,12.0285424,44.37,Inner LA
Covina,41.6,12.12221394,53.81,Inner LA
Los Angeles,50.0,12.09098712,39.18,Inner LA
San Gabriel,39.5,11.71669083,31.51,Inner LA
Los Angeles,20.7,10.96490305,59.24,Inner LA
West Puente Valley,33.1,12.0131878,33.48,Inner LA
Lancaster,55.1,7.143374122,154.47,Outer LA
Claremont,31.5,13.02878399,31.04,Inner LA
Los Angeles,26.4,11.53361756,42.26,Inner LA
Los Angeles,29.9,12.66717011,44.05,Inner LA
Hacienda Heights,27.8,12.10056244,46.16,Inner LA
Monrovia,28.6,11.95381392,42.43,Inner LA
Artesia,24.1,11.87789848,28.86,Inner LA
Los Angeles,22.6,11.627812,38.4,Inner LA
Los Angeles,31.0,11.92094307,25.93,Inner LA
Lakewood,23.5,11.83685846,48.36,Inner LA
Los Angeles,11.9,12.09359499,45.8,Inner LA
Covina,21.7,12.0394072,62.76,Inner LA
Los Angeles,17.6,12.45084001,51.56,Inner LA
Azusa,24.0,11.3276164,71.92,Inner LA
East Pasadena,18.0,11.54013275,24.87,Inner LA
Hawthorne,7.6,12.02450845,53.68,Inner LA
Palmdale,44.2,8.286463193,64.53,Outer LA
Los Angeles,27.5,11.53361756,62.98,Inner LA
Torrance,15.8,12.08683988,34.71,Inner LA
Gardena,24.0,12.03560833,61.97,Inner LA
Burbank,30.7,11.74756081,30.7,Inner LA
Los Angeles,30.1,11.54776039,41.76,Inner LA
Los Angeles,17.4,11.47080701,52.13,Inner LA
View Park-Windsor Hills,18.6,11.90810602,121.03,Inner LA
Lancaster,34.9,7.235243743,142.85,Outer LA
Los Angeles,34.2,11.4298025,46.58,Inner LA
Lakewood,16.1,11.93730018,138.46,Inner LA
Cerritos,18.3,11.91379251,38.96,Inner LA
South Whittier,37.6,11.92594018,43.87,Inner LA
Alhambra,18.3,11.99214768,35.99,Inner LA
Monterey Park,24.6,12.08534153,25.5,Inner LA
Burbank,15.1,11.51076389,32.95,Inner LA
La Verne,18.4,12.44397051,41.89,Inner LA
Torrance,15.3,12.04138066,32.43,Inner LA
Lakewood,22.8,11.7071006,29.29,Inner LA
Los Angeles,54.4,12.10099038,27.02,Inner LA
Glendora,25.0,12.06299327,40.68,Inner LA
Santa Clarita,23.0,10.04799129,58.78,Outer LA
Lancaster,58.6,6.576280043,154.47,Outer LA
Los Angeles,31.0,11.62234049,60.12,Inner LA
Long Beach,48.0,11.62534541,66.27,Inner LA
Azusa,27.6,11.91993499,45.21,Inner LA
Los Angeles,17.8,11.59809285,31.83,Inner LA
Los Angeles,7.8,11.94592608,43.46,Inner LA
Inglewood,18.8,12.02566379,81.62,Inner LA
Los Angeles,37.4,11.5711356,42.99,Inner LA
Los Angeles,26.3,11.50038668,51.3,Inner LA
West Covina,24.8,12.12639133,39.97,Inner LA
West Carson,20.1,11.93305662,49.6,Inner LA
Los Angeles,34.3,11.66569556,50.27,Inner LA
Los Angeles,15.6,11.1165408,33.36,Inner LA
South San Jose Hills,27.4,12.2089097,47.46,Inner LA
Los Angeles,29.0,11.32227028,40.68,Inner LA
Los Angeles,28.4,11.46432553,32.58,Inner LA
Norwalk,23.9,11.92696003,31.74,Inner LA
Palmdale,56.3,7.855947434,125.16,Outer LA
Citrus,39.3,11.84062011,59.89,Inner LA
Lancaster,38.3,7.510487603,150.27,Outer LA
Los Angeles,21.0,11.48698965,32.94,Inner LA
Los Angeles,17.4,12.92719681,56.96,Inner LA
Los Angeles,22.1,11.94831277,50.67,Inner LA
Cerritos,19.1,11.78434659,28.55,Inner LA
Lakewood,35.1,11.69434748,28.81,Inner LA
Los Angeles,34.4,12.29595775,56.18,Inner LA
Los Angeles,20.6,11.41925994,52.54,Inner LA
Glendale,27.8,11.60600632,27.65,Inner LA
Monrovia,23.3,11.89789047,35.24,Inner LA
Los Angeles,35.9,11.93986769,47.29,Inner LA
Los Angeles,25.7,12.20870236,49.0,Inner LA
Los Angeles,11.3,12.17613597,45.42,Inner LA
Pasadena,45.5,11.15848897,20.64,Inner LA
Inglewood,25.7,11.89394323,84.01,Inner LA
Monterey Park,25.0,12.07312152,32.73,Inner LA
Pasadena,42.1,11.13912936,29.35,Inner LA
Burbank,14.7,11.70635152,32.39,Inner LA
Los Angeles,23.7,11.7676418,27.24,Inner LA
Palmdale,48.1,7.239347731,92.21,Outer LA
Palmdale,40.9,8.172211265,125.16,Outer LA
Culver City,8.1,11.68123003,48.78,Inner LA
Bellflower,32.5,11.8090865,31.04,Inner LA
Azusa,44.9,11.76378914,56.11,Inner LA
Alhambra,37.4,11.82774897,30.09,Inner LA
Torrance,19.2,11.88148532,27.55,Inner LA
Mayflower Village,29.6,11.97531239,22.3,Inner LA
Los Angeles,33.3,11.78789933,25.99,Inner LA
Alhambra,32.6,11.71806688,31.42,Inner LA
Los Angeles,53.8,11.66867744,44.64,Inner LA
Santa Clarita,32.6,10.26891771,56.88,Outer LA
Palmdale,36.8,8.04000145,69.75,Outer LA
Palmdale,50.5,8.805468694,79.73,Outer LA
Santa Clarita,25.6,9.834015442,49.57,Outer LA
Long Beach,14.1,11.59019633,53.01,Inner LA
Azusa,26.9,11.6022037,71.92,Inner LA
Los Angeles,19.9,11.39127667,52.76,Inner LA
Palmdale,32.4,7.693213732,51.51,Outer LA
Los Angeles,25.5,11.95832752,44.3,Inner LA
Los Angeles,26.6,11.18869203,46.53,Inner LA
Los Angeles,35.8,11.68192709,47.69,Inner LA
Los Angeles,42.6,11.2582362,30.87,Inner LA
Monterey Park,32.4,12.135676,38.51,Inner LA
Los Angeles,34.6,11.55230672,47.69,Inner LA
Inglewood,18.0,12.02199197,93.35,Inner LA
Los Angeles,28.7,11.65656905,19.89,Inner LA
Los Angeles,26.0,11.74486853,29.52,Inner LA
Los Angeles,29.5,12.08514397,45.85,Inner LA
Glendale,23.5,11.77362275,30.96,Inner LA
Los Angeles,44.1,10.86166993,63.98,Inner LA
Los Angeles,17.0,11.9949196,43.46,Inner LA
Valinda,33.9,12.09913498,63.97,Inner LA
Los Angeles,20.4,11.40346339,52.54,Inner LA
Burbank,16.6,11.47660575,35.09,Inner LA
Los Angeles,28.2,11.98031852,49.26,Inner LA
Long Beach,27.3,11.7349837,51.48,Inner LA
Los Angeles,19.0,11.74226684,34.5,Inner LA
Unincorporated Los Angeles County area,42.4,7.977328026,62.35,Outer LA
Los Angeles,29.5,11.55914703,103.61,Inner LA
Los Angeles,15.0,11.56304345,38.86,Inner LA
Lake Los Angeles,51.9,7.410784666,110.17,Inner LA
Altadena,33.7,11.38721662,38.56,Inner LA
Los Angeles,17.5,11.76013155,35.21,Inner LA
Whittier,25.9,11.87620582,58.56,Inner LA
Los Angeles,13.0,11.92720438,43.46,Inner LA
Los Angeles,18.6,11.85554635,31.63,Inner LA
View Park-Windsor Hills,16.5,11.87615491,130.09,Inner LA
Lancaster,50.7,7.054248982,154.47,Outer LA
Palmdale,64.0,7.800967181,125.16,Outer LA
Unincorporated Los Angeles County area,22.9,10.91960855,63.98,Outer LA
Los Angeles,38.8,12.02897507,29.89,Inner LA
Whittier,25.9,11.96654299,52.37,Inner LA
Los Angeles,15.5,12.01491957,35.23,Inner LA
Los Angeles,31.7,11.89127311,40.28,Inner LA
Los Angeles,22.0,11.53704074,32.79,Inner LA
Los Angeles,16.8,11.20058307,52.54,Inner LA
South San Gabriel,34.3,12.00161681,35.23,Inner LA
Rowland Heights,20.0,12.23579771,24.82,Inner LA
West Hollywood,32.7,11.79372492,26.25,Inner LA
Los Angeles,29.0,11.0285217,59.2,Inner LA
Charter Oak,32.1,12.13753758,46.73,Inner LA
Los Angeles,19.1,11.67692826,60.47,Inner LA
Long Beach,15.7,11.84295139,55.73,Inner LA
Santa Clarita,25.4,10.31080399,42.06,Outer LA
Lomita,31.7,11.69864079,31.84,Inner LA
West Covina,27.7,12.07784169,45.41,Inner LA
Torrance,13.7,11.93383509,61.84,Inner LA
Covina,48.2,11.92861991,52.24,Inner LA
San Dimas,16.9,12.31930079,39.19,Inner LA
West Covina,37.3,12.02349439,54.71,Inner LA
Glendora,24.7,12.1740827,55.22,Inner LA
Los Angeles,20.2,11.70425543,46.48,Inner LA
Los Angeles,12.9,11.80268144,44.02,Inner LA
Palmdale,44.9,8.370674158,113.1,Outer LA
Los Angeles,14.9,11.77801801,38.44,Inner LA
West Covina,21.6,12.22935789,42.16,Inner LA
Long Beach,32.6,11.83702161,48.45,Inner LA
Los Angeles,22.5,11.77429518,22.23,Inner LA
Los Angeles,21.1,11.72684954,34.82,Inner LA
Los Angeles,34.8,11.68192709,35.47,Inner LA
Los Angeles,35.9,11.52942462,34.41,Inner LA
Monterey Park,50.7,12.00233411,36.6,Inner LA
Los Angeles,17.7,11.92720438,43.46,Inner LA
East San Gabriel,25.7,11.68274338,21.62,Inner LA
Pasadena,12.2,11.25188699,50.78,Inner LA
Los Angeles,11.4,11.31242478,58.57,Inner LA
Los Angeles,41.9,12.19449024,24.47,Inner LA
Los Angeles,25.2,13.05253739,40.11,Inner LA
Los Angeles,25.5,11.87764253,86.23,Inner LA
Covina,23.2,11.94555799,43.24,Inner LA
Whittier,16.8,11.93784847,46.84,Inner LA
Torrance,13.8,12.06983746,35.45,Inner LA
Glendora,28.3,12.01688922,51.35,Inner LA
Signal Hill,20.3,11.6385894,46.41,Inner LA
Industry,26.6,12.36111436,24.24,Inner LA
Azusa,21.5,11.21433037,67.67,Inner LA
La Verne,24.9,12.624991,39.16,Inner LA
Los Angeles,20.6,13.09110197,50.62,Inner LA
Glendale,17.6,11.36185219,28.6,Inner LA
West Covina,32.9,11.92035712,37.91,Inner LA
Industry,27.2,12.29942209,26.46,Inner LA
Covina,22.2,11.86013466,46.29,Inner LA
Los Angeles,29.5,11.64810526,63.43,Inner LA
Los Angeles,17.6,11.72613579,31.63,Inner LA
Glendora,22.2,12.06089359,49.98,Inner LA
Los Angeles,45.3,12.09098712,29.04,Inner LA
Lancaster,61.3,6.767426942,154.47,Outer LA
Los Angeles,25.3,11.54803852,29.66,Inner LA
Rowland Heights,60.2,12.09228064,28.38,Inner LA
Pasadena,36.0,11.15848897,24.72,Inner LA
Pasadena,46.0,11.40891526,39.91,Inner LA
Torrance,21.7,12.03290345,34.69,Inner LA
Los Angeles,22.7,11.89127311,26.2,Inner LA
Alhambra,33.5,12.02633308,33.62,Inner LA
Los Angeles,19.0,12.8734267,30.75,Inner LA
Downey,23.1,12.149672,36.14,Inner LA
Burbank,27.8,11.75007252,33.76,Inner LA
Santa Clarita,19.4,9.99523899,45.04,Outer LA
Los Angeles,20.2,11.54586553,38.84,Inner LA
Culver City,21.9,11.76013155,29.98,Inner LA
Los Angeles,14.0,11.26083916,50.06,Inner LA
Los Angeles,24.3,11.69483322,36.86,Inner LA
Los Angeles,16.6,11.80853912,46.54,Inner LA
Long Beach,22.2,11.58771109,80.19,Inner LA
Torrance,13.4,11.97486672,26.89,Inner LA
Palmdale,44.3,7.848584062,125.16,Outer LA
Los Angeles,29.4,11.74297298,27.24,Inner LA
Whittier,23.7,11.94722225,55.62,Inner LA
Los Angeles,37.5,11.74162162,34.78,Inner LA
Los Angeles,26.2,11.67808355,23.21,Inner LA
Lancaster,29.9,7.562171366,60.26,Outer LA
Glendora,19.3,12.01590576,50.28,Inner LA
Whittier,35.6,11.94985769,56.32,Inner LA
West Covina,20.1,12.13729695,45.89,Inner LA
Los Angeles,18.2,10.8917272,30.76,Inner LA
Los Angeles,15.7,11.7957642,48.78,Inner LA
Los Angeles,30.3,10.75629213,55.74,Inner LA
Los Angeles,17.9,11.80268144,44.02,Inner LA
Santa Monica,23.7,11.69229641,32.98,Inner LA
Claremont,19.7,12.95667922,32.39,Inner LA
Los Angeles,49.8,11.66547916,44.49,Inner LA
Los Angeles,18.2,11.54776039,40.05,Inner LA
Los Angeles,23.4,11.81592791,33.03,Inner LA
Pasadena,41.1,11.39637285,38.2,Inner LA
Los Angeles,29.4,11.92386634,52.31,Inner LA
Palmdale,39.4,8.177589066,125.16,Outer LA
Altadena,23.6,11.4315396,39.01,Inner LA
Vincent,18.2,11.94098068,43.76,Inner LA
Lancaster,39.4,7.186038709,154.47,Outer LA
North El Monte,35.7,11.90510187,18.11,Inner LA
Los Angeles,35.8,11.6206873,27.86,Inner LA
Glendale,7.8,11.44387729,32.12,Inner LA
Torrance,13.7,11.94688827,55.5,Inner LA
La Mirada,28.1,12.02293829,37.42,Inner LA
Los Angeles,27.1,11.1423019,24.28,Inner LA
Temple City,21.0,11.86093342,26.46,Inner LA
Monterey Park,27.8,12.01942238,22.19,Inner LA
Los Angeles,18.9,11.53404464,25.83,Inner LA
Torrance,29.7,11.91888586,27.55,Inner LA
Los Angeles,10.8,11.90141921,49.6,Inner LA
Los Angeles,19.3,11.66487781,24.51,Inner LA
Los Angeles,27.2,12.03992694,29.47,Inner LA
Palmdale,54.3,8.595270016,98.34,Outer LA
Los Angeles,44.9,11.7845552,39.16,Inner LA
Los Angeles,27.2,11.70222472,33.97,Inner LA
West Covina,14.2,12.00446076,39.22,Inner LA
Culver City,13.5,11.7027382,40.36,Inner LA
El Segundo,15.2,11.88115235,22.71,Inner LA
Los Angeles,35.2,11.67808355,23.45,Inner LA
Los Angeles,11.6,11.09275671,52.54,Inner LA
Los Angeles,27.8,11.85554635,31.63,Inner LA
Lomita,22.7,11.88687679,41.85,Inner LA
Los Angeles,15.1,12.02897507,38.95,Inner LA
Long Beach,33.7,11.62534541,55.94,Inner LA
West Covina,22.9,12.12231808,50.04,Inner LA
Los Angeles,12.8,11.83730224,31.63,Inner LA
Los Angeles,12.7,10.9435221,29.71,Inner LA
West Covina,18.1,12.14687818,37.22,Inner LA
Los Angeles,15.2,11.3408212,38.86,Inner LA
Los Angeles,24.2,12.00420537,32.14,Inner LA
Lancaster,50.2,6.653511485,154.47,Outer LA
Temple City,33.5,11.73708443,24.77,Inner LA
Azusa,28.2,11.58116255,71.86,Inner LA
Hacienda Heights,19.7,11.95710458,46.16,Inner LA
Pasadena,58.3,11.37715041,27.49,Inner LA
Downey,31.9,12.15631505,33.0,Inner LA
Glendale,10.3,11.73519514,27.67,Inner LA
Bellflower,21.3,11.91361716,61.64,Inner LA
Los Angeles,24.4,11.77745707,47.69,Inner LA
Downey,18.3,11.97387911,40.23,Inner LA
Los Angeles,18.1,11.79089062,31.13,Inner LA
Monterey Park,58.1,12.02766948,24.19,Inner LA
Los Angeles,7.3,11.55914703,90.77,Inner LA
West Covina,19.0,12.13677863,41.98,Inner LA
Palmdale,36.5,8.713974453,116.3,Outer LA
Los Angeles,28.2,11.62009789,60.17,Inner LA
Palmdale,37.7,8.176058732,79.73,Outer LA
Alhambra,31.4,11.62302761,34.22,Inner LA
Los Angeles,40.6,10.98471997,58.22,Inner LA
Burbank,13.1,11.80566464,33.7,Inner LA
Los Angeles,53.9,12.09098712,24.73,Inner LA
Inglewood,16.5,12.02244997,86.03,Inner LA
Los Angeles,18.8,11.71232149,30.38,Inner LA
Los Angeles,54.3,11.32755877,30.87,Inner LA
Los Angeles,32.0,11.66426642,40.13,Inner LA
Hacienda Heights,21.6,11.97581289,46.16,Inner LA
Los Angeles,22.4,11.68337511,32.8,Inner LA
La Mirada,19.0,11.92786647,30.71,Inner LA
Los Angeles,21.4,11.7011911,30.53,Inner LA
Los Angeles,23.9,11.56367733,35.02,Inner LA
Hacienda Heights,19.3,12.05731862,46.16,Inner LA
Los Angeles,6.9,12.10821715,62.08,Inner LA
Glendale,17.7,11.76570581,34.64,Inner LA
Los Angeles,45.7,12.09098712,28.23,Inner LA
Whittier,14.1,11.94992005,38.5,Inner LA
Santa Clarita,43.3,10.31515413,42.71,Outer LA
Unincorporated Los Angeles County area,20.8,12.17170059,21.1,Outer LA
Los Angeles,23.0,11.23485105,37.69,Inner LA
La Verne,24.6,12.63237406,38.09,Inner LA
Los Angeles,13.6,12.57915137,47.39,Inner LA
Beverly Hills,22.3,11.70232612,32.35,Inner LA
Los Angeles,21.0,11.80268144,30.14,Inner LA
Unincorporated Los Angeles County area,38.7,8.595110887,51.72,Outer LA
Santa Monica,27.7,11.66972548,31.56,Inner LA
Culver City,10.0,11.76395685,43.84,Inner LA
Los Angeles,34.0,11.7676418,26.71,Inner LA
Los Angeles,30.0,11.97058361,22.71,Inner LA
Los Angeles,15.3,11.45456864,45.24,Inner LA
Long Beach,21.4,11.5027302,26.39,Inner LA
Lancaster,31.2,7.519026611,58.02,Outer LA
Los Angeles,18.2,11.80798017,34.49,Inner LA
Downey,25.3,12.0635633,42.47,Inner LA
Los Angeles,29.0,11.66040963,34.49,Inner LA
Covina,25.3,12.16655034,31.94,Inner LA
La Mirada,16.7,11.96607247,37.42,Inner LA
Cerritos,8.7,11.74318761,31.69,Inner LA
East Whittier,22.6,11.91305039,41.88,Inner LA
Lomita,18.7,11.84918524,54.89,Inner LA
San Dimas,25.7,12.35028538,40.67,Inner LA
Glendale,25.8,11.71897407,20.6,Inner LA
Los Angeles,24.3,10.78997184,54.03,Inner LA
Los Angeles,34.6,11.70185673,47.69,Inner LA
Lakewood,18.6,11.66104793,103.58,Inner LA
Long Beach,13.7,11.48846564,17.66,Inner LA
Diamond Bar,15.2,12.24062072,27.84,Inner LA
Temple City,39.8,11.85364089,25.25,Inner LA
Monterey Park,12.0,12.01896111,31.7,Inner LA
Walnut,14.2,12.22400423,26.46,Inner LA
Pasadena,17.8,11.34519887,26.37,Inner LA
Los Angeles,33.6,11.67264265,35.21,Inner LA
Long Beach,16.6,11.6427648,23.8,Inner LA
Monterey Park,42.2,11.99862755,22.16,Inner LA
Los Angeles,21.9,11.65999433,22.93,Inner LA
Los Angeles,35.2,11.62562194,43.33,Inner LA
Los Angeles,11.2,11.09057903,36.52,Inner LA
West Hollywood,21.8,11.70551642,22.83,Inner LA
Santa Monica,17.4,11.69101747,33.5,Inner LA
Santa Clarita,23.6,9.888472175,45.2,Outer LA
Santa Monica,20.7,11.69434868,46.4,Inner LA
Calabasas,6.5,10.56399928,23.62,Inner LA
Long Beach,31.7,11.60712094,53.57,Inner LA
Temple City,24.8,11.71494516,24.78,Inner LA
West Covina,23.8,12.15935651,43.29,Inner LA
Los Angeles,20.8,11.73555866,31.31,Inner LA
Los Angeles,43.0,12.12928682,23.34,Inner LA
La Mirada,17.6,11.96890619,33.05,Inner LA
South Whittier,20.1,11.9269475,54.86,Inner LA
Los Angeles,15.9,12.0137843,40.2,Inner LA
Los Angeles,38.5,11.72153182,24.87,Inner LA
Whittier,13.1,11.93821092,46.15,Inner LA
Los Angeles,19.9,11.59357465,22.95,Inner LA
Los Angeles,17.2,11.78318303,30.51,Inner LA
Culver City,7.4,11.69361957,39.43,Inner LA
Torrance,12.7,11.89781113,27.26,Inner LA
Los Angeles,20.8,11.63355936,33.43,Inner LA
Burbank,22.2,11.75666562,34.96,Inner LA
Santa Clarita,28.2,10.28609285,52.57,Outer LA
Los Angeles,26.7,11.78493345,22.29,Inner LA
Long Beach,19.0,11.42948394,46.68,Inner LA
Long Beach,51.1,11.55937137,26.3,Inner LA
Diamond Bar,20.8,12.35178857,27.84,Inner LA
Pasadena,50.3,11.2362251,33.74,Inner LA
La Mirada,12.8,11.97039347,37.42,Inner LA
Los Angeles,20.2,11.76734525,25.11,Inner LA
Glendora,11.8,12.14675541,48.79,Inner LA
Val Verde,27.7,8.73436651,29.51,Inner LA
Vincent,17.7,11.85243866,52.36,Inner LA
La Crescenta-Montrose,23.5,11.43450312,22.29,Inner LA
Long Beach,23.6,11.64556074,25.99,Inner LA
Diamond Bar,19.3,12.36302468,27.36,Inner LA
Los Angeles,16.7,11.75842764,39.67,Inner LA
Temple City,24.1,11.79728341,22.34,Inner LA
Claremont,20.9,12.71399453,33.93,Inner LA
Los Angeles,70.8,11.70850449,11.78,Inner LA
Los Angeles,15.9,11.55932918,23.9,Inner LA
Ladera Heights,12.6,11.7994331,55.46,Inner LA
Los Angeles,25.8,11.51704216,31.42,Inner LA
Los Angeles,19.1,11.72613579,31.63,Inner LA
Monterey Park,43.2,11.975764,22.49,Inner LA
Los Angeles,6.9,11.74135383,49.77,Inner LA
Los Angeles,22.5,12.01395483,65.4,Inner LA
Los Angeles,18.8,10.84104549,63.98,Inner LA
West Covina,12.3,12.13729695,45.89,Inner LA
Covina,15.6,12.17423833,47.7,Inner LA
Santa Clarita,14.2,9.696435756,46.47,Outer LA
Los Angeles,30.1,11.83627425,37.61,Inner LA
Pomona,16.2,12.37523949,43.59,Inner LA
Los Angeles,16.7,11.65149211,27.64,Inner LA
Los Angeles,14.1,11.70232612,26.58,Inner LA
Torrance,15.2,11.8831003,23.8,Inner LA
Diamond Bar,19.5,12.17047827,25.96,Inner LA
Los Angeles,16.1,11.68771731,27.51,Inner LA
Los Angeles,32.5,11.30213066,30.87,Inner LA
Santa Clarita,15.5,9.860296332,32.41,Outer LA
Unincorporated Los Angeles County area,35.0,6.732983022,65.33,Outer LA
Los Angeles,29.0,11.69991328,31.16,Inner LA
Los Angeles,18.1,11.57992001,36.19,Inner LA
Los Angeles,16.6,11.84738147,37.07,Inner LA
Los Angeles,32.3,11.63317139,35.21,Inner LA
East Pasadena,18.8,11.69107527,18.82,Inner LA
Los Angeles,28.5,11.69760185,29.1,Inner LA
Lancaster,41.3,7.465678351,60.67,Outer LA
Pasadena,18.7,11.44145003,25.91,Inner LA
Burbank,9.7,11.51300398,35.08,Inner LA
Los Angeles,79.5,11.54279044,18.77,Inner LA
Los Angeles,11.1,11.78721362,44.83,Inner LA
Monrovia,31.4,11.86061314,28.74,Inner LA
Los Angeles,50.2,11.55230672,37.5,Inner LA
Burbank,18.1,11.65548553,33.25,Inner LA
Arcadia,23.7,11.87707855,22.22,Inner LA
South Whittier,31.5,11.9353244,36.74,Inner LA
Los Angeles,15.5,10.67168543,54.03,Inner LA
Burbank,17.2,11.75487101,34.8,Inner LA
Cerritos,14.9,11.87303838,29.71,Inner LA
Glendora,27.9,11.76915454,46.19,Inner LA
Los Angeles,18.5,12.13679062,42.99,Inner LA
Los Angeles,34.2,11.68337511,31.11,Inner LA
Glendora,23.3,12.01772896,40.41,Inner LA
Santa Monica,20.4,11.75472373,31.01,Inner LA
San Dimas,21.7,12.24965821,35.9,Inner LA
Los Angeles,19.2,11.56320221,30.14,Inner LA
Burbank,15.1,11.52470974,36.17,Inner LA
Los Angeles,21.0,11.83730224,31.63,Inner LA
Altadena,21.5,11.53976318,31.29,Inner LA
Los Angeles,18.0,11.58951435,31.21,Inner LA
Los Angeles,28.4,11.7676418,27.24,Inner LA
Lakewood,13.6,11.71457463,115.64,Inner LA
Temple City,18.5,11.83990675,27.77,Inner LA
Los Angeles,15.7,11.68630169,18.63,Inner LA
Los Angeles,16.4,10.6125987,54.03,Inner LA
Los Angeles,27.8,11.63317139,35.21,Inner LA
Pasadena,29.1,11.46988813,43.23,Inner LA
Los Angeles,18.5,11.67533374,24.21,Inner LA
Unincorporated Los Angeles County area,14.5,10.08304904,53.09,Outer LA
Los Angeles,15.8,10.79494027,38.66,Inner LA
Lakewood,10.4,11.84858192,127.45,Inner LA
Los Angeles,46.8,11.74779166,16.08,Inner LA
Cerritos,12.6,11.91939602,34.57,Inner LA
Beverly Hills,19.8,11.80254647,15.67,Inner LA
Santa Clarita,22.8,9.996792372,39.71,Outer LA
Monterey Park,45.9,12.00233411,17.76,Inner LA
Lomita,18.1,11.91367104,40.01,Inner LA
Los Angeles,9.5,11.35818212,48.91,Inner LA
Walnut,15.1,12.26873959,22.55,Inner LA
Torrance,24.7,11.9316356,52.35,Inner LA
Long Beach,11.5,11.59699651,23.8,Inner LA
Los Angeles,14.3,10.91904895,63.4,Inner LA
Los Angeles,18.1,11.89127311,37.5,Inner LA
Los Angeles,10.2,10.51287274,24.41,Inner LA
Rowland Heights,36.5,12.12767476,28.38,Inner LA
Hacienda Heights,25.4,11.97278589,41.15,Inner LA
Torrance,16.3,11.95522956,27.55,Inner LA
Los Angeles,20.0,11.47001272,46.18,Inner LA
Palmdale,56.7,8.085020981,96.08,Outer LA
Los Angeles,17.2,11.55263667,27.61,Inner LA
Lakewood,9.4,11.71684505,32.57,Inner LA
Los Angeles,22.4,11.699038,20.98,Inner LA
Torrance,21.5,12.01245967,35.45,Inner LA
Los Angeles,19.0,11.87271814,32.04,Inner LA
Santa Clarita,20.1,10.07294539,39.65,Outer LA
East Whittier,26.7,11.92158802,45.28,Inner LA
Long Beach,31.6,11.64728179,46.01,Inner LA
Los Angeles,22.6,11.49946691,36.14,Inner LA
Altadena,21.6,11.39128065,38.88,Inner LA
Santa Clarita,14.9,10.05476144,47.26,Outer LA
Los Angeles,25.8,11.70131556,26.62,Inner LA
Pasadena,32.5,11.04783104,30.67,Inner LA
Lakewood,12.7,11.74987106,31.38,Inner LA
Glendale,16.1,11.70423764,30.76,Inner LA
San Dimas,7.9,12.314841,46.53,Inner LA
Lakewood,19.0,11.62150813,33.59,Inner LA
Whittier,13.1,11.93946958,34.4,Inner LA
Los Angeles,7.3,11.89041869,26.79,Inner LA
Torrance,19.6,11.8979039,23.87,Inner LA
Los Angeles,17.6,11.71968263,21.29,Inner LA
Claremont,11.5,12.92486339,31.93,Inner LA
Los Angeles,14.7,11.03665977,29.0,Inner LA
Unincorporated Los Angeles County area,34.5,11.63003614,63.42,Outer LA
Walnut,17.6,12.17536434,22.59,Inner LA
Los Angeles,30.6,11.65656905,13.1,Inner LA
Lakewood,23.9,11.7740438,98.79,Inner LA
Cerritos,5.7,11.86959561,27.72,Inner LA
Torrance,15.7,11.87909496,25.49,Inner LA
Unincorporated Los Angeles County area,15.5,10.04262342,19.77,Outer LA
Los Angeles,19.5,11.85554635,31.63,Inner LA
Diamond Bar,17.3,12.38754597,25.42,Inner LA
East San Gabriel,33.2,11.70184498,17.77,Inner LA
Los Angeles,16.0,11.72305579,23.71,Inner LA
Torrance,17.4,11.90931561,30.47,Inner LA
Glendora,20.6,11.94310557,38.8,Inner LA
Los Angeles,19.3,11.78433174,22.21,Inner LA
Los Angeles,17.5,11.75489665,14.14,Inner LA
Cerritos,15.7,11.92472965,31.92,Inner LA
Palmdale,22.1,7.395298982,50.39,Outer LA
Altadena,28.0,11.29530355,42.66,Inner LA
Cerritos,17.0,11.88944363,38.96,Inner LA
Pasadena,27.1,10.90332114,19.88,Inner LA
Los Angeles,29.6,11.71588806,13.44,Inner LA
Los Angeles,33.7,11.73728992,24.88,Inner LA
Los Angeles,20.2,11.67734924,103.61,Inner LA
Santa Monica,24.9,11.74617518,24.34,Inner LA
Glendale,16.2,11.36531231,20.22,Inner LA
Lancaster,44.3,6.660219172,154.47,Outer LA
West Covina,16.6,12.06056612,38.73,Inner LA
Alhambra,23.6,11.39242682,28.98,Inner LA
Los Angeles,19.0,11.14626422,38.54,Inner LA
Pasadena,14.3,11.21810429,23.85,Inner LA
Long Beach,14.0,11.6560084,27.2,Inner LA
Pasadena,32.1,11.35864584,39.09,Inner LA
Mayflower Village,16.0,11.95304076,33.22,Inner LA
West Hollywood,20.9,11.7451443,27.21,Inner LA
Los Angeles,18.1,11.77107454,21.05,Inner LA
Los Angeles,11.4,12.01976856,45.2,Inner LA
Glendale,7.5,11.76547567,30.96,Inner LA
Quartz Hill,25.7,7.243753752,60.67,Outer LA
Los Angeles,10.5,11.90145406,26.69,Inner LA
Los Angeles,84.0,11.54279044,10.35,Inner LA
Los Angeles,9.5,11.96890818,59.55,Inner LA
Unincorporated Los Angeles County area,15.5,6.980416541,45.11,Outer LA
Pasadena,13.4,11.30302493,26.48,Inner LA
Torrance,11.4,11.87394388,26.09,Inner LA
San Gabriel,14.4,11.55081434,19.55,Inner LA
Los Angeles,10.7,11.22167655,52.54,Inner LA
Santa Clarita,17.0,9.850586503,24.89,Outer LA
Monterey Park,17.5,12.09716625,35.41,Inner LA
Unincorporated Los Angeles County area,18.5,9.704437269,20.96,Outer LA
Los Angeles,22.1,10.87528753,29.0,Inner LA
Los Angeles,24.0,11.69483322,36.55,Inner LA
Santa Monica,12.8,11.72139398,59.14,Inner LA
Los Angeles,16.3,11.59256118,28.65,Inner LA
Rowland Heights,19.6,12.17657329,25.99,Inner LA
Los Angeles,13.2,11.71620563,28.57,Inner LA
Los Angeles,18.2,11.77449393,30.71,Inner LA
Glendale,18.2,11.42099762,19.31,Inner LA
Long Beach,41.2,11.60712094,33.69,Inner LA
Los Angeles,18.7,11.57819697,20.89,Inner LA
Los Angeles,8.9,10.69531607,41.39,Inner LA
Torrance,16.6,11.84978232,30.7,Inner LA
La Mirada,18.8,11.94186195,27.88,Inner LA
Beverly Hills,14.9,11.7922658,31.1,Inner LA
Los Angeles,11.5,11.72971837,24.21,Inner LA
Quartz Hill,28.3,7.066875013,60.67,Outer LA
Unincorporated Los Angeles County area,35.0,5.78980373,45.88,Outer LA
Los Angeles,13.2,11.37082616,48.93,Inner LA
Lancaster,22.3,7.516040087,58.68,Outer LA
Unincorporated Los Angeles County area,31.3,8.201203979,76.92,Outer LA
Los Angeles,29.2,11.78676393,21.68,Inner LA
Los Angeles,33.9,11.74779166,14.71,Inner LA
Walnut,15.2,12.21273895,26.46,Inner LA
Burbank,14.3,11.53890555,34.83,Inner LA
Walnut,24.3,12.32124981,26.46,Inner LA
Marina del Rey,19.0,11.69453379,27.53,Inner LA
Los Angeles,18.7,11.7669605,14.99,Inner LA
Lakewood,9.9,11.6438093,34.4,Inner LA
Santa Clarita,13.7,9.895990017,18.52,Outer LA
La Mirada,18.5,12.01645709,35.39,Inner LA
Beverly Hills,18.8,11.71558023,33.03,Inner LA
Los Angeles,20.9,11.65891195,16.21,Inner LA
Long Beach,22.5,11.63961067,27.84,Inner LA
Los Angeles,17.0,11.01194549,22.91,Inner LA
Lakewood,18.6,11.74267889,28.05,Inner LA
Los Angeles,17.3,11.97046367,29.96,Inner LA
Pasadena,26.6,11.24230672,23.31,Inner LA
Long Beach,12.0,11.53224567,25.2,Inner LA
Los Angeles,19.9,10.27739389,38.78,Inner LA
West Hollywood,18.8,11.6943512,21.13,Inner LA
Los Angeles,19.5,11.69483322,34.49,Inner LA
Charter Oak,32.0,12.23742986,36.66,Inner LA
Los Angeles,20.3,11.24459686,34.3,Inner LA
Los Angeles,18.1,11.90127195,35.17,Inner LA
Los Angeles,16.1,10.95076564,52.54,Inner LA
Los Angeles,15.4,11.64254863,28.97,Inner LA
Los Angeles,4.7,10.94210448,51.44,Inner LA
Los Angeles,9.6,11.14759703,41.71,Inner LA
Long Beach,35.0,11.58107322,37.16,Inner LA
Walnut,27.2,12.11003917,26.46,Inner LA
Los Angeles,19.0,11.80798017,32.13,Inner LA
El Segundo,16.5,11.93026042,18.91,Inner LA
Rowland Heights,21.1,12.07486245,28.38,Inner LA
Los Angeles,16.3,11.64347745,32.14,Inner LA
Los Angeles,31.2,11.65400614,18.11,Inner LA
Los Angeles,12.9,11.65962976,26.75,Inner LA
Arcadia,34.5,11.84691327,21.41,Inner LA
Los Angeles,18.7,11.90155949,26.3,Inner LA
Redondo Beach,12.4,11.93838377,29.39,Inner LA
San Dimas,19.9,12.40710799,33.63,Inner LA
Santa Clarita,13.2,9.905727034,27.23,Outer LA
Redondo Beach,9.0,11.89517547,18.58,Inner LA
Los Angeles,8.2,11.36662201,27.4,Inner LA
South Pasadena,17.9,11.3985122,20.42,Inner LA
Los Angeles,19.2,11.66040963,34.49,Inner LA
Cerritos,20.9,11.89070824,30.53,Inner LA
Santa Clarita,21.7,9.939752588,29.04,Outer LA
Pasadena,18.5,10.81196096,20.98,Inner LA
Los Angeles,15.6,10.67639216,55.21,Inner LA
Unincorporated Los Angeles County area,15.4,9.922892997,31.71,Outer LA
Arcadia,13.7,11.79500895,19.82,Inner LA
Los Angeles,14.5,11.07405896,40.43,Inner LA
Torrance,18.3,11.85289322,23.61,Inner LA
Palmdale,32.7,7.804999738,79.73,Outer LA
Long Beach,5.1,11.62611756,25.18,Inner LA
Lake Los Angeles,59.8,6.737595691,135.82,Inner LA
Arcadia,15.9,11.91047843,23.46,Inner LA
Los Angeles,30.4,11.74162162,26.16,Inner LA
Palmdale,23.3,7.567773362,51.51,Outer LA
Los Angeles,17.1,11.64698253,27.64,Inner LA
Whittier,5.2,11.85755128,36.71,Inner LA
Santa Monica,7.5,11.69434868,22.14,Inner LA
Los Angeles,15.7,11.65326691,18.77,Inner LA
Pasadena,27.3,11.08381171,16.62,Inner LA
Los Angeles,14.4,11.9420043,22.06,Inner LA
La Verne,8.3,12.30622172,34.88,Inner LA
Los Angeles,12.1,11.36879135,12.64,Inner LA
Los Angeles,19.5,11.60767179,55.88,Inner LA
Los Angeles,20.7,11.68337511,34.71,Inner LA
La Crescenta-Montrose,18.7,11.3464301,24.88,Inner LA
Los Angeles,12.1,11.63925882,34.71,Inner LA
Santa Monica,12.5,11.74617518,24.3,Inner LA
Santa Clarita,13.6,9.82382783,30.9,Outer LA
Santa Clarita,8.2,10.05170787,40.07,Outer LA
Rowland Heights,34.4,12.09228064,28.38,Inner LA
Los Angeles,19.3,10.85587997,54.8,Inner LA
Beverly Hills,12.9,11.699038,32.83,Inner LA
Arcadia,26.2,11.76789157,18.19,Inner LA
Unincorporated Los Angeles County area,25.3,7.211912338,27.24,Outer LA
Pasadena,23.4,11.36217641,35.6,Inner LA
La Crescenta-Montrose,10.2,11.4121755,22.81,Inner LA
West Hollywood,19.3,11.7451443,18.53,Inner LA
Los Angeles,19.8,11.60245628,39.55,Inner LA
Los Angeles,24.6,11.71336866,17.8,Inner LA
Los Angeles,10.1,11.89088295,31.27,Inner LA
Los Angeles,8.8,11.40771727,34.83,Inner LA
Los Angeles,27.5,11.66972548,33.16,Inner LA
Whittier,20.6,11.88524703,56.32,Inner LA
Burbank,9.9,11.75446657,39.31,Inner LA
Agoura Hills,14.8,9.913488285,14.79,Inner LA
Los Angeles,22.6,11.64839617,26.81,Inner LA
Avalon,29.3,7.981629537,40.32,Inner LA
San Dimas,15.6,12.15593043,41.32,Inner LA
Los Angeles,14.9,11.82297189,29.55,Inner LA
East San Gabriel,23.9,11.77607393,15.22,Inner LA
Los Angeles,16.6,11.54047452,15.21,Inner LA
Pasadena,11.4,11.64658844,21.05,Inner LA
Los Angeles,8.6,10.94379099,26.14,Inner LA
Lancaster,17.3,7.168119235,60.67,Outer LA
Culver City,6.2,11.68561304,35.85,Inner LA
Los Angeles,7.3,12.00322844,33.65,Inner LA
Los Angeles,9.7,11.46491729,34.49,Inner LA
Los Angeles,24.5,11.68010796,27.66,Inner LA
Santa Monica,12.3,11.69101747,33.5,Inner LA
Arcadia,21.4,11.74239688,19.0,Inner LA
Santa Clarita,15.5,9.957793429,32.41,Outer LA
Claremont,8.7,12.88984549,32.39,Inner LA
San Dimas,10.8,12.33417442,39.48,Inner LA
Glendora,19.7,12.16620773,32.65,Inner LA
Monrovia,18.9,11.87333886,48.33,Inner LA
Santa Clarita,12.3,9.876284052,20.63,Outer LA
Beverly Hills,7.7,11.62334721,18.87,Inner LA
Unincorporated Los Angeles County area,34.8,9.930625459,32.96,Outer LA
Los Angeles,10.1,10.37209684,45.13,Inner LA
Santa Clarita,16.3,10.03642942,40.87,Outer LA
Pasadena,20.4,11.03330382,22.54,Inner LA
Los Angeles,16.1,11.58733944,62.23,Inner LA
Los Angeles,21.7,11.68678342,34.75,Inner LA
Santa Clarita,9.7,10.31364147,52.57,Outer LA
Los Angeles,14.5,11.76246181,22.17,Inner LA
Monterey Park,41.0,11.964271,25.04,Inner LA
Unincorporated Los Angeles County area,13.1,9.974034972,5.94,Outer LA
Hacienda Heights,16.3,11.88787151,40.76,Inner LA
Covina,24.6,12.20797458,37.39,Inner LA
Glendale,12.0,11.2573555,17.98,Inner LA
Arcadia,17.3,11.83355229,17.71,Inner LA
Los Angeles,17.0,11.75489665,15.21,Inner LA
Redondo Beach,17.6,12.06356922,28.1,Inner LA
Rancho Palos Verdes,19.0,11.17290669,13.39,Inner LA
Arcadia,17.0,11.77067294,17.31,Inner LA
South Pasadena,19.0,11.52562554,23.61,Inner LA
Burbank,13.4,11.41365521,27.78,Inner LA
Unincorporated Los Angeles County area,14.7,10.03635006,17.56,Outer LA
Los Angeles,11.8,11.67530401,23.7,Inner LA
Los Angeles,11.3,11.17770393,33.41,Inner LA
Los Angeles,32.4,11.80022725,32.28,Inner LA
Long Beach,13.0,11.67288803,29.77,Inner LA
Redondo Beach,15.0,11.99655082,25.78,Inner LA
Alhambra,16.0,11.96491784,29.79,Inner LA
Pasadena,16.2,11.56011948,31.0,Inner LA
Los Angeles,18.2,11.71898001,20.88,Inner LA
Santa Clarita,19.2,9.953790794,30.6,Outer LA
Santa Clarita,14.3,10.12600908,32.98,Outer LA
Unincorporated Los Angeles County area,9.9,10.2593901,59.15,Outer LA
Long Beach,12.5,11.72819116,37.21,Inner LA
Lakewood,18.1,11.67212819,34.4,Inner LA
Long Beach,20.7,11.5700298,32.48,Inner LA
Unincorporated Los Angeles County area,15.0,12.06400634,25.31,Outer LA
Torrance,17.9,11.8333474,21.23,Inner LA
La Mirada,11.1,11.90288337,30.79,Inner LA
Santa Clarita,10.7,9.79582903,23.95,Outer LA
Los Angeles,14.4,11.78930596,14.36,Inner LA
Los Angeles,22.9,11.63080991,35.21,Inner LA
Beverly Hills,15.8,11.60694985,16.23,Inner LA
Diamond Bar,13.1,12.17233228,22.01,Inner LA
Los Angeles,7.1,11.85384693,24.93,Inner LA
Los Angeles,9.9,11.44967872,22.29,Inner LA
Santa Clarita,17.4,9.79516754,24.8,Outer LA
Los Angeles,13.2,11.4411813,18.88,Inner LA
Los Angeles,16.9,10.39558293,39.46,Inner LA
West Covina,22.2,12.09070866,36.32,Inner LA
Los Angeles,17.1,11.88097157,41.28,Inner LA
Los Angeles,15.7,11.816624,19.12,Inner LA
Altadena,16.2,11.56015307,35.23,Inner LA
Lancaster,15.6,7.182323796,55.82,Outer LA
Palmdale,16.3,7.290853268,51.51,Outer LA
Los Angeles,23.4,11.7845552,39.39,Inner LA
Unincorporated Los Angeles County area,5.6,7.997537218,29.34,Outer LA
El Segundo,15.7,11.87096327,22.71,Inner LA
Altadena,5.4,11.463617,36.14,Inner LA
Hidden Hills,9.0,10.36908275,19.96,Inner LA
Arcadia,25.0,11.82561257,15.78,Inner LA
East San Gabriel,16.6,11.66234707,17.41,Inner LA
Rowland Heights,19.9,12.07967244,28.38,Inner LA
Unincorporated Los Angeles County area,7.5,9.567104301,15.49,Outer LA
Long Beach,12.3,11.66766832,21.45,Inner LA
Castaic,15.5,8.795164145,29.55,Outer LA
Los Angeles,10.5,10.52350498,35.65,Inner LA
Unincorporated Los Angeles County area,20.9,9.859399641,39.9,Outer LA
Los Angeles,25.8,11.55801526,15.98,Inner LA
Walnut,15.9,12.14347718,25.43,Inner LA
Unincorporated Los Angeles County area,49.9,9.828545598,21.93,Outer LA
West Hollywood,22.0,11.63231397,21.76,Inner LA
Rowland Heights,13.0,11.9948863,20.31,Inner LA
Glendora,12.1,11.85026356,39.62,Inner LA
Los Angeles,9.7,11.57294261,18.74,Inner LA
Los Angeles,15.3,11.83676342,18.48,Inner LA
Los Angeles,14.6,10.96486927,38.39,Inner LA
Torrance,14.0,11.84477252,18.34,Inner LA
La Habra Heights,12.8,11.85946236,47.28,Inner LA
Acton,19.4,9.841317579,37.13,Outer LA
Pasadena,10.8,11.53026546,27.41,Inner LA
Castaic,12.2,8.835842535,29.55,Outer LA
Santa Monica,13.4,11.54136076,12.16,Inner LA
Castaic,8.4,9.153485627,27.08,Outer LA
Los Angeles,11.0,11.68678342,31.7,Inner LA
La Verne,5.8,12.50459127,39.86,Inner LA
Los Angeles,5.4,10.85003603,27.07,Inner LA
Santa Monica,8.2,11.7361215,24.3,Inner LA
Santa Clarita,15.6,9.96832983,26.35,Outer LA
Long Beach,8.2,11.60395303,23.8,Inner LA
Los Angeles,15.9,11.55415206,24.35,Inner LA
Arcadia,23.2,11.81607431,18.84,Inner LA
Los Angeles,12.2,11.68010796,25.35,Inner LA
Los Angeles,18.8,11.72971837,16.75,Inner LA
Los Angeles,19.2,11.76854658,21.64,Inner LA
Los Angeles,6.3,11.88623299,26.3,Inner LA
Los Angeles,12.8,11.67264265,31.65,Inner LA
Hacienda Heights,11.7,11.92721209,40.55,Inner LA
Lancaster,26.9,6.705407097,57.76,Outer LA
Long Beach,7.7,11.58982961,22.1,Inner LA
San Pasqual,16.9,11.24475504,27.28,Inner LA
Los Angeles,8.5,11.35496193,15.21,Inner LA
Torrance,5.7,11.83292092,25.75,Inner LA
Los Angeles,13.5,11.60855194,22.24,Inner LA
Los Angeles,6.2,12.09810952,26.99,Inner LA
Los Angeles,13.1,11.09143346,26.78,Inner LA
Redondo Beach,9.9,11.89517547,16.47,Inner LA
Cerritos,8.7,11.72204658,30.05,Inner LA
Santa Monica,18.3,11.72139398,23.39,Inner LA
Redondo Beach,10.8,11.84983331,20.23,Inner LA
Los Angeles,6.8,10.81493911,38.86,Inner LA
Los Angeles,10.8,11.42938279,23.02,Inner LA
Palmdale,15.1,7.347414606,51.51,Outer LA
Long Beach,10.6,11.65093923,24.7,Inner LA
La Habra Heights,11.0,11.83019265,35.33,Inner LA
Pasadena,13.4,10.4842992,23.69,Inner LA
Los Angeles,20.6,11.55141434,19.95,Inner LA
Palmdale,11.8,7.18345099,48.08,Outer LA
Quartz Hill,11.5,7.177851274,45.35,Outer LA
San Gabriel,14.8,11.39019113,16.66,Inner LA
Santa Clarita,9.7,9.998216457,28.86,Outer LA
Los Angeles,7.4,11.70761895,31.87,Inner LA
Agoura Hills,9.5,9.574791665,18.37,Inner LA
Unincorporated Los Angeles County area,7.2,9.99279126,35.14,Outer LA
Glendale,6.5,11.32292402,22.23,Inner LA
Los Angeles,13.6,11.36947068,33.07,Inner LA
Unincorporated Los Angeles County area,14.4,10.34173224,22.65,Outer LA
East San Gabriel,14.1,11.56606477,19.25,Inner LA
Los Angeles,9.7,11.74829092,17.69,Inner LA
Santa Clarita,5.7,9.525795551,21.43,Outer LA
Santa Clarita,12.7,9.609631058,19.26,Outer LA
Long Beach,10.3,11.58573049,29.73,Inner LA
Los Angeles,18.5,11.63925882,29.45,Inner LA
Pasadena,8.3,11.24037378,19.78,Inner LA
Glendale,11.5,11.111859,24.32,Inner LA
Santa Clarita,7.1,10.00715869,30.9,Outer LA
Long Beach,9.9,11.55531683,19.39,Inner LA
Santa Monica,8.9,11.52951802,12.24,Inner LA
Long Beach,27.0,11.58107322,17.3,Inner LA
Los Angeles,12.4,11.57869279,13.69,Inner LA
Redondo Beach,4.8,11.90461047,27.72,Inner LA
Diamond Bar,16.2,12.18680632,25.95,Inner LA
Walnut,13.5,12.01790487,23.85,Inner LA
Torrance,13.1,11.76502063,19.66,Inner LA
Manhattan Beach,9.5,11.87723876,12.0,Inner LA
Glendora,13.0,11.98142036,40.39,Inner LA
Los Angeles,17.3,11.78930596,15.2,Inner LA
Los Angeles,14.0,11.64915206,18.05,Inner LA
Los Angeles,12.4,11.54047452,15.21,Inner LA
Los Angeles,7.9,11.58761166,16.23,Inner LA
Rancho Palos Verdes,8.5,11.59155268,9.34,Inner LA
Long Beach,19.0,11.53298805,18.92,Inner LA
Rolling Hills Estates,10.1,11.66727825,9.22,Inner LA
Altadena,7.0,11.39134301,45.18,Inner LA
Manhattan Beach,6.3,11.88129463,12.44,Inner LA
Los Angeles,11.8,11.79594785,24.02,Inner LA
Unincorporated Los Angeles County area,16.0,10.47789549,13.77,Outer LA
South Pasadena,9.3,11.51304733,23.57,Inner LA
Monrovia,7.8,11.55529716,39.06,Inner LA
Glendora,11.9,12.04140706,40.41,Inner LA
Rowland Heights,12.6,12.10177321,20.03,Inner LA
Unincorporated Los Angeles County area,33.1,6.035526115,34.55,Outer LA
Long Beach,13.2,11.57897764,23.8,Inner LA
Duarte,9.5,11.41693551,30.47,Inner LA
Long Beach,26.6,11.55531683,19.39,Inner LA
Diamond Bar,14.3,12.34599271,24.85,Inner LA
Unincorporated Los Angeles County area,9.9,11.53077517,21.74,Outer LA
Claremont,3.5,12.68205587,28.35,Inner LA
Long Beach,10.0,11.55366286,20.78,Inner LA
Arcadia,12.4,11.77591979,16.34,Inner LA
Sierra Madre,11.7,11.73101532,20.44,Inner LA
Leona Valley,12.9,6.731369745,34.24,Inner LA
Hermosa Beach,8.3,11.90701301,15.75,Inner LA
El Segundo,11.4,11.85637687,22.13,Inner LA
Santa Clarita,11.4,9.764286878,26.24,Outer LA
Acton,26.9,8.752683429,32.59,Outer LA
Redondo Beach,4.5,11.96320524,22.62,Inner LA
Los Angeles,16.2,11.66564816,14.63,Inner LA
Santa Clarita,6.9,10.12468543,35.16,Outer LA
Long Beach,16.1,11.50739377,14.2,Inner LA
Los Angeles,15.4,11.6359773,12.81,Inner LA
Redondo Beach,10.5,11.85025599,20.4,Inner LA
Agua Dulce,13.6,9.340705171,20.94,Outer LA
Diamond Bar,12.5,12.10414328,15.38,Inner LA
Santa Clarita,21.2,9.588613344,22.57,Outer LA
Long Beach,6.8,11.66333946,28.72,Inner LA
Bradbury,15.9,11.58348102,16.82,Inner LA
Rowland Heights,17.3,12.00875256,28.33,Inner LA
Los Angeles,8.3,11.76854658,19.89,Inner LA
Los Angeles,12.9,11.74846744,42.56,Inner LA
Los Angeles,8.0,10.43018258,37.54,Inner LA
Hermosa Beach,11.8,11.9049452,14.07,Inner LA
Glendale,11.7,11.41309053,14.43,Inner LA
Pasadena,7.6,11.41728243,39.42,Inner LA
Los Angeles,9.0,11.7381295,20.89,Inner LA
Rancho Palos Verdes,14.3,11.53576985,11.67,Inner LA
Agoura Hills,12.7,9.536805374,17.25,Inner LA
Long Beach,13.7,11.49358879,19.39,Inner LA
Rancho Palos Verdes,12.5,11.59614426,15.06,Inner LA
La CaÃ±ada Flintridge,7.0,11.23565364,17.21,Inner LA
Santa Clarita,15.7,9.684342786,18.68,Outer LA
Manhattan Beach,8.6,11.93465078,12.41,Inner LA
Rancho Palos Verdes,8.5,11.29044264,11.82,Inner LA
Westlake Village,9.9,9.449712535,18.96,Inner LA
Topanga,10.8,10.63554196,13.91,Inner LA
Sierra Madre,7.1,11.66666192,18.23,Inner LA
Redondo Beach,12.3,12.06356922,28.0,Inner LA
Torrance,15.5,11.86370411,17.13,Inner LA
South Pasadena,14.8,11.37911949,21.1,Inner LA
Santa Clarita,7.7,9.887963537,29.44,Outer LA
Los Angeles,9.1,11.35614273,14.73,Inner LA
San Marino,10.3,11.35077304,10.59,Inner LA
Los Angeles,10.4,11.59513461,28.13,Inner LA
Unincorporated Los Angeles County area,12.5,9.992603026,32.81,Outer LA
Long Beach,13.3,11.49358879,19.39,Inner LA
La Crescenta-Montrose,7.7,11.11453417,26.19,Inner LA
Redondo Beach,8.9,11.84477252,20.4,Inner LA
Los Angeles,8.7,11.76824477,20.3,Inner LA
Los Angeles,6.2,11.6681151,20.79,Inner LA
San Marino,11.8,10.96820491,10.66,Inner LA
Manhattan Beach,8.1,11.82131805,13.27,Inner LA
Palos Verdes Estates,11.6,11.54202908,12.2,Inner LA
Redondo Beach,10.1,11.9317044,22.51,Inner LA
Unincorporated Los Angeles County area,19.1,8.261776749,22.22,Outer LA
La CaÃ±ada Flintridge,9.3,11.1492377,18.17,Inner LA
Los Angeles,3.2,11.4065172,8.53,Inner LA
Los Angeles,9.5,11.39244405,11.32,Inner LA
Santa Clarita,5.2,9.376598108,22.24,Outer LA
Redondo Beach,10.8,11.88367418,17.8,Inner LA
Los Angeles,5.5,11.72153182,26.53,Inner LA
Stevenson Ranch,8.4,9.910647406,21.0,Inner LA
Los Angeles,3.7,11.47297029,12.02,Inner LA
Hermosa Beach,11.1,11.9049452,12.93,Inner LA
Rancho Palos Verdes,7.6,11.58973137,14.34,Inner LA
South Pasadena,9.1,11.60964227,19.07,Inner LA
Santa Clarita,8.6,9.760544925,17.94,Outer LA
Unincorporated Los Angeles County area,13.2,9.280883734,14.25,Outer LA
Calabasas,11.3,10.83831792,16.22,Inner LA
Los Angeles,6.5,11.35479283,11.69,Inner LA
Los Angeles,13.7,11.34895585,9.36,Inner LA
Torrance,5.8,11.85393375,22.04,Inner LA
La CaÃ±ada Flintridge,4.7,11.30721329,18.17,Inner LA
Santa Clarita,7.6,9.68763411,24.51,Outer LA
La CaÃ±ada Flintridge,9.8,11.14216519,17.27,Inner LA
Pasadena,10.1,11.34982652,23.17,Inner LA
Los Angeles,8.8,11.47355111,15.21,Inner LA
Los Angeles,11.6,11.36946734,11.25,Inner LA
Palos Verdes Estates,7.4,11.52390363,11.9,Inner LA
Hermosa Beach,8.9,11.90701301,14.32,Inner LA
Long Beach,7.8,11.49358879,18.08,Inner LA
Santa Clarita,2.7,9.803298353,26.16,Outer LA
Los Angeles,8.6,11.42938126,15.21,Inner LA
Los Angeles,7.4,11.50092642,12.8,Inner LA
Palos Verdes Estates,11.2,11.54448189,12.61,Inner LA
Los Angeles,9.5,11.32775522,13.11,Inner LA
Los Angeles,9.0,11.4048767,15.32,Inner LA
Los Angeles,6.8,11.6497582,28.25,Inner LA
Los Angeles,9.5,11.46050297,11.93,Inner LA
Westlake Village,5.0,9.408842934,16.99,Inner LA
Hermosa Beach,6.7,11.90424581,12.77,Inner LA
Unincorporated Los Angeles County area,12.5,10.77799813,11.79,Outer LA
Los Angeles,3.3,11.09276516,12.66,Inner LA
Rancho Palos Verdes,9.9,11.30663061,9.66,Inner LA
Rolling Hills,7.5,11.28187771,8.46,Inner LA
Rancho Palos Verdes,8.9,11.60915835,9.65,Inner LA
Rolling Hills Estates,8.4,11.58424268,13.09,Inner LA
Unincorporated Los Angeles County area,13.6,9.821299418,8.64,Outer LA
Malibu,10.6,9.867044703,14.25,Inner LA
Manhattan Beach,5.8,11.83029203,13.27,Inner LA
Manhattan Beach,3.5,11.86076093,13.27,Inner LA
Los Angeles,9.7,11.39613833,10.75,Inner LA
Unincorporated Los Angeles County area,10.9,9.88794156,18.27,Outer LA
Manhattan Beach,13.0,11.94760607,12.59,Inner LA
Santa Clarita,4.9,9.640486676,16.94,Outer LA
Rolling Hills Estates,6.3,11.33542538,8.35,Inner LA
Los Angeles,10.6,11.24903635,12.1,Inner LA
Unincorporated Los Angeles County area,9.5,9.401515514,12.13,Outer LA
Rancho Palos Verdes,3.9,11.40400736,13.41,Inner LA
Manhattan Beach,6.6,11.87910662,12.51,Inner LA
Los Angeles,7.2,11.33956819,8.83,Inner LA
Los Angeles,7.7,11.33070843,10.27,Inner LA
